[
  {
    "model": "sites.site",
    "pk": 1,
    "fields": {
      "domain": "example.com",
      "name": "example.com"
    }
  },
  {
    "model": "contenttypes.contenttype",
    "pk": 1,
    "fields": {
      "app_label": "admin",
      "model": "logentry"
    }
  },
  {
    "model": "contenttypes.contenttype",
    "pk": 2,
    "fields": {
      "app_label": "sites",
      "model": "site"
    }
  },
  {
    "model": "contenttypes.contenttype",
    "pk": 3,
    "fields": {
      "app_label": "auth",
      "model": "permission"
    }
  },
  {
    "model": "contenttypes.contenttype",
    "pk": 4,
    "fields": {
      "app_label": "auth",
      "model": "group"
    }
  },
  {
    "model": "contenttypes.contenttype",
    "pk": 5,
    "fields": {
      "app_label": "auth",
      "model": "user"
    }
  },
  {
    "model": "contenttypes.contenttype",
    "pk": 6,
    "fields": {
      "app_label": "contenttypes",
      "model": "contenttype"
    }
  },
  {
    "model": "contenttypes.contenttype",
    "pk": 7,
    "fields": {
      "app_label": "sessions",
      "model": "session"
    }
  },
  {
    "model": "contenttypes.contenttype",
    "pk": 8,
    "fields": {
      "app_label": "authtoken",
      "model": "token"
    }
  },
  {
    "model": "contenttypes.contenttype",
    "pk": 9,
    "fields": {
      "app_label": "fcm_django",
      "model": "fcmdevice"
    }
  },
  {
    "model": "contenttypes.contenttype",
    "pk": 10,
    "fields": {
      "app_label": "djcelery",
      "model": "crontabschedule"
    }
  },
  {
    "model": "contenttypes.contenttype",
    "pk": 11,
    "fields": {
      "app_label": "djcelery",
      "model": "intervalschedule"
    }
  },
  {
    "model": "contenttypes.contenttype",
    "pk": 12,
    "fields": {
      "app_label": "djcelery",
      "model": "periodictask"
    }
  },
  {
    "model": "contenttypes.contenttype",
    "pk": 13,
    "fields": {
      "app_label": "djcelery",
      "model": "periodictasks"
    }
  },
  {
    "model": "contenttypes.contenttype",
    "pk": 14,
    "fields": {
      "app_label": "djcelery",
      "model": "taskmeta"
    }
  },
  {
    "model": "contenttypes.contenttype",
    "pk": 15,
    "fields": {
      "app_label": "djcelery",
      "model": "tasksetmeta"
    }
  },
  {
    "model": "contenttypes.contenttype",
    "pk": 16,
    "fields": {
      "app_label": "djcelery",
      "model": "taskstate"
    }
  },
  {
    "model": "contenttypes.contenttype",
    "pk": 17,
    "fields": {
      "app_label": "djcelery",
      "model": "workerstate"
    }
  },
  {
    "model": "contenttypes.contenttype",
    "pk": 18,
    "fields": {
      "app_label": "thumbnail",
      "model": "kvstore"
    }
  },
  {
    "model": "contenttypes.contenttype",
    "pk": 19,
    "fields": {
      "app_label": "Payments",
      "model": "payment"
    }
  },
  {
    "model": "contenttypes.contenttype",
    "pk": 20,
    "fields": {
      "app_label": "Payments",
      "model": "rbltransaction"
    }
  },
  {
    "model": "contenttypes.contenttype",
    "pk": 21,
    "fields": {
      "app_label": "Payments",
      "model": "paymentlink"
    }
  },
  {
    "model": "contenttypes.contenttype",
    "pk": 22,
    "fields": {
      "app_label": "StaticData",
      "model": "pincodemaster"
    }
  },
  {
    "model": "contenttypes.contenttype",
    "pk": 23,
    "fields": {
      "app_label": "StaticData",
      "model": "appversioncheck"
    }
  },
  {
    "model": "contenttypes.contenttype",
    "pk": 24,
    "fields": {
      "app_label": "StaticData",
      "model": "adminmastermessages"
    }
  },
  {
    "model": "contenttypes.contenttype",
    "pk": 25,
    "fields": {
      "app_label": "StaticData",
      "model": "smssettings"
    }
  },
  {
    "model": "contenttypes.contenttype",
    "pk": 26,
    "fields": {
      "app_label": "StaticData",
      "model": "smtpsettings"
    }
  },
  {
    "model": "contenttypes.contenttype",
    "pk": 27,
    "fields": {
      "app_label": "User",
      "model": "reference"
    }
  },
  {
    "model": "contenttypes.contenttype",
    "pk": 28,
    "fields": {
      "app_label": "User",
      "model": "professional"
    }
  },
  {
    "model": "contenttypes.contenttype",
    "pk": 29,
    "fields": {
      "app_label": "User",
      "model": "personal"
    }
  },
  {
    "model": "contenttypes.contenttype",
    "pk": 30,
    "fields": {
      "app_label": "User",
      "model": "otp"
    }
  },
  {
    "model": "contenttypes.contenttype",
    "pk": 31,
    "fields": {
      "app_label": "User",
      "model": "documents"
    }
  },
  {
    "model": "contenttypes.contenttype",
    "pk": 32,
    "fields": {
      "app_label": "User",
      "model": "bank"
    }
  },
  {
    "model": "contenttypes.contenttype",
    "pk": 33,
    "fields": {
      "app_label": "User",
      "model": "authenticationpin"
    }
  },
  {
    "model": "contenttypes.contenttype",
    "pk": 34,
    "fields": {
      "app_label": "User",
      "model": "address"
    }
  },
  {
    "model": "contenttypes.contenttype",
    "pk": 35,
    "fields": {
      "app_label": "User",
      "model": "subscription"
    }
  },
  {
    "model": "contenttypes.contenttype",
    "pk": 36,
    "fields": {
      "app_label": "User",
      "model": "location"
    }
  },
  {
    "model": "contenttypes.contenttype",
    "pk": 37,
    "fields": {
      "app_label": "UserData",
      "model": "cibilreasondetail"
    }
  },
  {
    "model": "contenttypes.contenttype",
    "pk": 38,
    "fields": {
      "app_label": "UserData",
      "model": "userlocations"
    }
  },
  {
    "model": "contenttypes.contenttype",
    "pk": 39,
    "fields": {
      "app_label": "UserData",
      "model": "notificationentry"
    }
  },
  {
    "model": "contenttypes.contenttype",
    "pk": 40,
    "fields": {
      "app_label": "UserData",
      "model": "devicedata"
    }
  },
  {
    "model": "contenttypes.contenttype",
    "pk": 41,
    "fields": {
      "app_label": "UserData",
      "model": "cibilrawdata"
    }
  },
  {
    "model": "contenttypes.contenttype",
    "pk": 42,
    "fields": {
      "app_label": "UserData",
      "model": "cibildata"
    }
  },
  {
    "model": "contenttypes.contenttype",
    "pk": 43,
    "fields": {
      "app_label": "UserData",
      "model": "usermerchantdetails"
    }
  },
  {
    "model": "contenttypes.contenttype",
    "pk": 44,
    "fields": {
      "app_label": "UserData",
      "model": "userdebitcarddetails"
    }
  },
  {
    "model": "contenttypes.contenttype",
    "pk": 45,
    "fields": {
      "app_label": "UserData",
      "model": "usercreditcarddetails"
    }
  },
  {
    "model": "contenttypes.contenttype",
    "pk": 46,
    "fields": {
      "app_label": "UserData",
      "model": "userbankdetails"
    }
  },
  {
    "model": "contenttypes.contenttype",
    "pk": 47,
    "fields": {
      "app_label": "UserData",
      "model": "contactmaster"
    }
  },
  {
    "model": "contenttypes.contenttype",
    "pk": 48,
    "fields": {
      "app_label": "UserData",
      "model": "pancardmaster"
    }
  },
  {
    "model": "contenttypes.contenttype",
    "pk": 49,
    "fields": {
      "app_label": "UserData",
      "model": "shareappmaster"
    }
  },
  {
    "model": "contenttypes.contenttype",
    "pk": 50,
    "fields": {
      "app_label": "UserData",
      "model": "installedapps"
    }
  },
  {
    "model": "contenttypes.contenttype",
    "pk": 51,
    "fields": {
      "app_label": "UserData",
      "model": "usershareddata"
    }
  },
  {
    "model": "contenttypes.contenttype",
    "pk": 52,
    "fields": {
      "app_label": "UserData",
      "model": "panrequest"
    }
  },
  {
    "model": "contenttypes.contenttype",
    "pk": 53,
    "fields": {
      "app_label": "LoanAppData",
      "model": "loanacknowledgement"
    }
  },
  {
    "model": "contenttypes.contenttype",
    "pk": 54,
    "fields": {
      "app_label": "LoanAppData",
      "model": "loanapplication"
    }
  },
  {
    "model": "contenttypes.contenttype",
    "pk": 55,
    "fields": {
      "app_label": "LoanAppData",
      "model": "overduereport"
    }
  },
  {
    "model": "contenttypes.contenttype",
    "pk": 56,
    "fields": {
      "app_label": "LoanAppData",
      "model": "autoapproved"
    }
  },
  {
    "model": "contenttypes.contenttype",
    "pk": 57,
    "fields": {
      "app_label": "IcomeExpense",
      "model": "categorymodel"
    }
  },
  {
    "model": "contenttypes.contenttype",
    "pk": 58,
    "fields": {
      "app_label": "IcomeExpense",
      "model": "creditedtowardskeywordmodel"
    }
  },
  {
    "model": "contenttypes.contenttype",
    "pk": 59,
    "fields": {
      "app_label": "IcomeExpense",
      "model": "debitedtowardskeywordmodel"
    }
  },
  {
    "model": "contenttypes.contenttype",
    "pk": 60,
    "fields": {
      "app_label": "IcomeExpense",
      "model": "merchantmodel"
    }
  },
  {
    "model": "contenttypes.contenttype",
    "pk": 61,
    "fields": {
      "app_label": "IcomeExpense",
      "model": "smsheadermaster"
    }
  },
  {
    "model": "contenttypes.contenttype",
    "pk": 62,
    "fields": {
      "app_label": "IcomeExpense",
      "model": "smskeywordmaster"
    }
  },
  {
    "model": "contenttypes.contenttype",
    "pk": 63,
    "fields": {
      "app_label": "IcomeExpense",
      "model": "smsstringmaster"
    }
  },
  {
    "model": "contenttypes.contenttype",
    "pk": 64,
    "fields": {
      "app_label": "Recovery",
      "model": "distributionlimitamount"
    }
  },
  {
    "model": "contenttypes.contenttype",
    "pk": 65,
    "fields": {
      "app_label": "Recovery",
      "model": "recovery"
    }
  },
  {
    "model": "contenttypes.contenttype",
    "pk": 66,
    "fields": {
      "app_label": "Recovery",
      "model": "recoverycommission"
    }
  },
  {
    "model": "contenttypes.contenttype",
    "pk": 67,
    "fields": {
      "app_label": "Recovery",
      "model": "remark"
    }
  },
  {
    "model": "contenttypes.contenttype",
    "pk": 68,
    "fields": {
      "app_label": "Recovery",
      "model": "recoverycallhistory"
    }
  },
  {
    "model": "contenttypes.contenttype",
    "pk": 69,
    "fields": {
      "app_label": "Equfix",
      "model": "equifaxmaster"
    }
  },
  {
    "model": "contenttypes.contenttype",
    "pk": 70,
    "fields": {
      "app_label": "Equfix",
      "model": "equifaxscoredetails"
    }
  },
  {
    "model": "contenttypes.contenttype",
    "pk": 71,
    "fields": {
      "app_label": "Equfix",
      "model": "equifaxscore"
    }
  },
  {
    "model": "contenttypes.contenttype",
    "pk": 72,
    "fields": {
      "app_label": "Equfix",
      "model": "equifaxretailaccountsummary"
    }
  },
  {
    "model": "contenttypes.contenttype",
    "pk": 73,
    "fields": {
      "app_label": "Equfix",
      "model": "equifaxretailaccountdetails"
    }
  },
  {
    "model": "contenttypes.contenttype",
    "pk": 74,
    "fields": {
      "app_label": "Equfix",
      "model": "equifaxrecentactivites"
    }
  },
  {
    "model": "contenttypes.contenttype",
    "pk": 75,
    "fields": {
      "app_label": "Equfix",
      "model": "equifaxphoneinfo"
    }
  },
  {
    "model": "contenttypes.contenttype",
    "pk": 76,
    "fields": {
      "app_label": "Equfix",
      "model": "equifaxpersonalinfo"
    }
  },
  {
    "model": "contenttypes.contenttype",
    "pk": 77,
    "fields": {
      "app_label": "Equfix",
      "model": "equifaxotherkeyind"
    }
  },
  {
    "model": "contenttypes.contenttype",
    "pk": 78,
    "fields": {
      "app_label": "Equfix",
      "model": "equifaxinquiryresponseinfo"
    }
  },
  {
    "model": "contenttypes.contenttype",
    "pk": 79,
    "fields": {
      "app_label": "Equfix",
      "model": "equifaxinquiryresponseheader"
    }
  },
  {
    "model": "contenttypes.contenttype",
    "pk": 80,
    "fields": {
      "app_label": "Equfix",
      "model": "equifaxinquiryphones"
    }
  },
  {
    "model": "contenttypes.contenttype",
    "pk": 81,
    "fields": {
      "app_label": "Equfix",
      "model": "equifaxinquiryaddress"
    }
  },
  {
    "model": "contenttypes.contenttype",
    "pk": 82,
    "fields": {
      "app_label": "Equfix",
      "model": "equifaxidentiyinfo"
    }
  },
  {
    "model": "contenttypes.contenttype",
    "pk": 83,
    "fields": {
      "app_label": "Equfix",
      "model": "equifaxiddetails"
    }
  },
  {
    "model": "contenttypes.contenttype",
    "pk": 84,
    "fields": {
      "app_label": "Equfix",
      "model": "equifaxenquirysummary"
    }
  },
  {
    "model": "contenttypes.contenttype",
    "pk": 85,
    "fields": {
      "app_label": "Equfix",
      "model": "equifaxenquiries"
    }
  },
  {
    "model": "contenttypes.contenttype",
    "pk": 86,
    "fields": {
      "app_label": "Equfix",
      "model": "equifaxemailaddressinfo"
    }
  },
  {
    "model": "contenttypes.contenttype",
    "pk": 87,
    "fields": {
      "app_label": "Equfix",
      "model": "equifaxdimensionalvariables"
    }
  },
  {
    "model": "contenttypes.contenttype",
    "pk": 88,
    "fields": {
      "app_label": "Equfix",
      "model": "equifaxconsumerdisputes"
    }
  },
  {
    "model": "contenttypes.contenttype",
    "pk": 89,
    "fields": {
      "app_label": "Equfix",
      "model": "equifaxaddressinfo"
    }
  },
  {
    "model": "contenttypes.contenttype",
    "pk": 90,
    "fields": {
      "app_label": "Equfix",
      "model": "consumerdisputesdetails"
    }
  },
  {
    "model": "contenttypes.contenttype",
    "pk": 91,
    "fields": {
      "app_label": "creditvidya",
      "model": "registeruser"
    }
  },
  {
    "model": "contenttypes.contenttype",
    "pk": 92,
    "fields": {
      "app_label": "creditvidya",
      "model": "creditvidyasms"
    }
  },
  {
    "model": "contenttypes.contenttype",
    "pk": 93,
    "fields": {
      "app_label": "creditvidya",
      "model": "creditvidyaapplication"
    }
  },
  {
    "model": "contenttypes.contenttype",
    "pk": 94,
    "fields": {
      "app_label": "creditvidya",
      "model": "creditvidyaapp"
    }
  },
  {
    "model": "contenttypes.contenttype",
    "pk": 95,
    "fields": {
      "app_label": "creditvidya",
      "model": "creditvidyalocation"
    }
  },
  {
    "model": "contenttypes.contenttype",
    "pk": 96,
    "fields": {
      "app_label": "creditvidya",
      "model": "creditvidyadevicedata"
    }
  },
  {
    "model": "contenttypes.contenttype",
    "pk": 97,
    "fields": {
      "app_label": "creditvidya",
      "model": "creditvidyacontacts"
    }
  },
  {
    "model": "contenttypes.contenttype",
    "pk": 98,
    "fields": {
      "app_label": "lead",
      "model": "yeloleads"
    }
  },
  {
    "model": "contenttypes.contenttype",
    "pk": 99,
    "fields": {
      "app_label": "lead",
      "model": "lendingadda"
    }
  },
  {
    "model": "contenttypes.contenttype",
    "pk": 100,
    "fields": {
      "app_label": "lead",
      "model": "tecdoleads"
    }
  },
  {
    "model": "contenttypes.contenttype",
    "pk": 101,
    "fields": {
      "app_label": "lead",
      "model": "tecdoreports"
    }
  },
  {
    "model": "contenttypes.contenttype",
    "pk": 102,
    "fields": {
      "app_label": "lead",
      "model": "affiliates"
    }
  },
  {
    "model": "contenttypes.contenttype",
    "pk": 103,
    "fields": {
      "app_label": "lead",
      "model": "partners"
    }
  },
  {
    "model": "contenttypes.contenttype",
    "pk": 104,
    "fields": {
      "app_label": "lead",
      "model": "partnerleads"
    }
  },
  {
    "model": "contenttypes.contenttype",
    "pk": 105,
    "fields": {
      "app_label": "lead",
      "model": "yelopartner"
    }
  },
  {
    "model": "contenttypes.contenttype",
    "pk": 106,
    "fields": {
      "app_label": "lead",
      "model": "lendingaddapartner"
    }
  },
  {
    "model": "contenttypes.contenttype",
    "pk": 107,
    "fields": {
      "app_label": "lead",
      "model": "dynamicdisbursement"
    }
  },
  {
    "model": "contenttypes.contenttype",
    "pk": 108,
    "fields": {
      "app_label": "lead",
      "model": "sms_campaign_data"
    }
  },
  {
    "model": "contenttypes.contenttype",
    "pk": 109,
    "fields": {
      "app_label": "automation",
      "model": "automation"
    }
  },
  {
    "model": "contenttypes.contenttype",
    "pk": 110,
    "fields": {
      "app_label": "automation",
      "model": "facematch"
    }
  },
  {
    "model": "contenttypes.contenttype",
    "pk": 111,
    "fields": {
      "app_label": "automation",
      "model": "textmatch"
    }
  },
  {
    "model": "contenttypes.contenttype",
    "pk": 112,
    "fields": {
      "app_label": "ecom",
      "model": "category"
    }
  },
  {
    "model": "contenttypes.contenttype",
    "pk": 113,
    "fields": {
      "app_label": "ecom",
      "model": "cgst"
    }
  },
  {
    "model": "contenttypes.contenttype",
    "pk": 114,
    "fields": {
      "app_label": "ecom",
      "model": "colour"
    }
  },
  {
    "model": "contenttypes.contenttype",
    "pk": 115,
    "fields": {
      "app_label": "ecom",
      "model": "credit"
    }
  },
  {
    "model": "contenttypes.contenttype",
    "pk": 116,
    "fields": {
      "app_label": "ecom",
      "model": "order"
    }
  },
  {
    "model": "contenttypes.contenttype",
    "pk": 117,
    "fields": {
      "app_label": "ecom",
      "model": "product"
    }
  },
  {
    "model": "contenttypes.contenttype",
    "pk": 118,
    "fields": {
      "app_label": "ecom",
      "model": "productdetails"
    }
  },
  {
    "model": "contenttypes.contenttype",
    "pk": 119,
    "fields": {
      "app_label": "ecom",
      "model": "sgst"
    }
  },
  {
    "model": "contenttypes.contenttype",
    "pk": 120,
    "fields": {
      "app_label": "ecom",
      "model": "size"
    }
  },
  {
    "model": "contenttypes.contenttype",
    "pk": 121,
    "fields": {
      "app_label": "ecom",
      "model": "subcategory"
    }
  },
  {
    "model": "contenttypes.contenttype",
    "pk": 122,
    "fields": {
      "app_label": "ecom",
      "model": "stock"
    }
  },
  {
    "model": "contenttypes.contenttype",
    "pk": 123,
    "fields": {
      "app_label": "ecom",
      "model": "seller"
    }
  },
  {
    "model": "contenttypes.contenttype",
    "pk": 124,
    "fields": {
      "app_label": "ecom",
      "model": "orderdetails"
    }
  },
  {
    "model": "contenttypes.contenttype",
    "pk": 125,
    "fields": {
      "app_label": "ecom",
      "model": "cart"
    }
  },
  {
    "model": "contenttypes.contenttype",
    "pk": 126,
    "fields": {
      "app_label": "ecom",
      "model": "images"
    }
  },
  {
    "model": "contenttypes.contenttype",
    "pk": 127,
    "fields": {
      "app_label": "ecom",
      "model": "ecomdocuments"
    }
  },
  {
    "model": "contenttypes.contenttype",
    "pk": 128,
    "fields": {
      "app_label": "ecom",
      "model": "deliverycharges"
    }
  },
  {
    "model": "contenttypes.contenttype",
    "pk": 129,
    "fields": {
      "app_label": "ecom",
      "model": "orderstatus"
    }
  },
  {
    "model": "contenttypes.contenttype",
    "pk": 130,
    "fields": {
      "app_label": "ecom",
      "model": "orderdetailsstatus"
    }
  },
  {
    "model": "contenttypes.contenttype",
    "pk": 131,
    "fields": {
      "app_label": "ecom",
      "model": "orderlocation"
    }
  },
  {
    "model": "contenttypes.contenttype",
    "pk": 132,
    "fields": {
      "app_label": "ecom",
      "model": "returnorder"
    }
  },
  {
    "model": "contenttypes.contenttype",
    "pk": 133,
    "fields": {
      "app_label": "ecom",
      "model": "productdetailsamount"
    }
  },
  {
    "model": "contenttypes.contenttype",
    "pk": 134,
    "fields": {
      "app_label": "ecom",
      "model": "selleramount"
    }
  },
  {
    "model": "contenttypes.contenttype",
    "pk": 135,
    "fields": {
      "app_label": "ecom",
      "model": "selleraccount"
    }
  },
  {
    "model": "contenttypes.contenttype",
    "pk": 136,
    "fields": {
      "app_label": "ecom",
      "model": "logisticorder"
    }
  },
  {
    "model": "contenttypes.contenttype",
    "pk": 137,
    "fields": {
      "app_label": "ecom",
      "model": "sellerwarehouse"
    }
  },
  {
    "model": "contenttypes.contenttype",
    "pk": 138,
    "fields": {
      "app_label": "ecom",
      "model": "basecategory"
    }
  },
  {
    "model": "sessions.session",
    "pk": "ksdz3hg1m4i50ktqd17e3h85mxwnm8ie",
    "fields": {
      "session_data": "OGY2YWQzZGJiODk1MDI1OTczY2NiZmNhNzA2NDdjM2I0MmZkZmIyMTp7Il9hdXRoX3VzZXJfaWQiOiIxMCIsIl9hdXRoX3VzZXJfYmFja2VuZCI6ImRqYW5nby5jb250cmliLmF1dGguYmFja2VuZHMuTW9kZWxCYWNrZW5kIiwiX2F1dGhfdXNlcl9oYXNoIjoiMzdjMTQ4ZDliNGYyMzMwM2ZlOGMyODJiNTY1YzhhNWVhODAwMTFmOCJ9",
      "expire_date": "2020-07-07T11:43:50.154"
    }
  },
  {
    "model": "sessions.session",
    "pk": "ndfijf4tco8xowl10d6kb9bea1l9hrxr",
    "fields": {
      "session_data": "OGY2YWQzZGJiODk1MDI1OTczY2NiZmNhNzA2NDdjM2I0MmZkZmIyMTp7Il9hdXRoX3VzZXJfaWQiOiIxMCIsIl9hdXRoX3VzZXJfYmFja2VuZCI6ImRqYW5nby5jb250cmliLmF1dGguYmFja2VuZHMuTW9kZWxCYWNrZW5kIiwiX2F1dGhfdXNlcl9oYXNoIjoiMzdjMTQ4ZDliNGYyMzMwM2ZlOGMyODJiNTY1YzhhNWVhODAwMTFmOCJ9",
      "expire_date": "2020-07-07T10:11:30.430"
    }
  },
  {
    "model": "ecom.category",
    "pk": 17,
    "fields": {
      "name": "Mens",
      "description": "This category is for Mens",
      "status": true,
      "created_date": "2020-04-07T14:04:31.281",
      "updated_date": "2020-04-07T14:04:31.281"
    }
  },
  {
    "model": "ecom.category",
    "pk": 18,
    "fields": {
      "name": "Womens",
      "description": "This category is for Womens",
      "status": true,
      "created_date": "2020-04-07T14:04:48.938",
      "updated_date": "2020-04-07T14:04:48.938"
    }
  },
  {
    "model": "ecom.category",
    "pk": 19,
    "fields": {
      "name": "Kids",
      "description": "This category is for kids",
      "status": true,
      "created_date": "2020-04-07T14:05:03.952",
      "updated_date": "2020-04-07T14:05:03.952"
    }
  },
  {
    "model": "ecom.category",
    "pk": 20,
    "fields": {
      "name": "Electronics",
      "description": "",
      "status": true,
      "created_date": "2020-05-09T18:04:00.775",
      "updated_date": "2020-05-09T18:04:00.775"
    }
  },
  {
    "model": "ecom.subcategory",
    "pk": 6,
    "fields": {
      "name": "Clothes",
      "category": 17,
      "description": "",
      "status": true,
      "created_date": "2020-04-07T14:05:46.181",
      "updated_date": "2020-04-07T14:05:46.181"
    }
  },
  {
    "model": "ecom.subcategory",
    "pk": 7,
    "fields": {
      "name": "Shoes",
      "category": 18,
      "description": "",
      "status": true,
      "created_date": "2020-04-07T14:06:11.135",
      "updated_date": "2020-04-07T14:06:11.135"
    }
  },
  {
    "model": "ecom.subcategory",
    "pk": 8,
    "fields": {
      "name": "Watches",
      "category": 19,
      "description": "",
      "status": true,
      "created_date": "2020-04-07T14:06:18.974",
      "updated_date": "2020-04-07T14:06:18.974"
    }
  },
  {
    "model": "ecom.subcategory",
    "pk": 9,
    "fields": {
      "name": "Laptop",
      "category": 20,
      "description": "",
      "status": true,
      "created_date": "2020-05-09T18:04:33.768",
      "updated_date": "2020-05-09T18:04:33.768"
    }
  },
  {
    "model": "ecom.subcategory",
    "pk": 10,
    "fields": {
      "name": "Footwear",
      "category": 17,
      "description": "",
      "status": true,
      "created_date": "2020-06-19T11:42:54.553",
      "updated_date": "2020-06-19T11:42:54.553"
    }
  },
  {
    "model": "ecom.subcategory",
    "pk": 11,
    "fields": {
      "name": "Footwears",
      "category": 18,
      "description": "",
      "status": true,
      "created_date": "2020-06-19T11:43:20.972",
      "updated_date": "2020-06-19T11:44:19.185"
    }
  },
  {
    "model": "ecom.basecategory",
    "pk": 1,
    "fields": {
      "base_name": "T-shirt",
      "sub_category": 6,
      "created_date": "2020-06-18T12:27:45.564",
      "updated_date": "2020-06-18T12:27:45.564"
    }
  },
  {
    "model": "ecom.basecategory",
    "pk": 2,
    "fields": {
      "base_name": "Sandal",
      "sub_category": 7,
      "created_date": "2020-06-18T12:28:11.937",
      "updated_date": "2020-06-18T12:28:11.937"
    }
  },
  {
    "model": "ecom.basecategory",
    "pk": 3,
    "fields": {
      "base_name": "Watch",
      "sub_category": 8,
      "created_date": "2020-06-18T12:28:36.303",
      "updated_date": "2020-06-18T12:28:36.303"
    }
  },
  {
    "model": "ecom.basecategory",
    "pk": 4,
    "fields": {
      "base_name": "Sandal",
      "sub_category": 10,
      "created_date": "2020-06-19T11:45:04.146",
      "updated_date": "2020-06-19T11:45:04.146"
    }
  },
  {
    "model": "ecom.cgst",
    "pk": 3,
    "fields": {
      "percentage": 18.0,
      "description": "",
      "status": true,
      "created_date": "2020-04-07T16:07:08.540",
      "updated_date": "2020-04-07T16:07:08.540"
    }
  },
  {
    "model": "ecom.cgst",
    "pk": 4,
    "fields": {
      "percentage": 5.0,
      "description": "",
      "status": true,
      "created_date": "2020-04-07T16:07:14.221",
      "updated_date": "2020-04-07T16:07:14.221"
    }
  },
  {
    "model": "ecom.sgst",
    "pk": 5,
    "fields": {
      "percentage": 18.0,
      "description": "",
      "status": true,
      "created_date": "2020-04-07T14:08:17.685",
      "updated_date": "2020-04-07T14:08:17.685"
    }
  },
  {
    "model": "ecom.sgst",
    "pk": 6,
    "fields": {
      "percentage": 5.0,
      "description": "",
      "status": true,
      "created_date": "2020-04-07T14:08:24.074",
      "updated_date": "2020-04-07T14:08:24.074"
    }
  },
  {
    "model": "ecom.size",
    "pk": 7,
    "fields": {
      "name": "Medium",
      "description": "",
      "date": null,
      "status": true,
      "created_date": "2020-04-07T14:06:37.715",
      "updated_date": "2020-04-07T14:06:37.715"
    }
  },
  {
    "model": "ecom.size",
    "pk": 8,
    "fields": {
      "name": "Large",
      "description": "",
      "date": null,
      "status": true,
      "created_date": "2020-04-07T14:06:45.736",
      "updated_date": "2020-04-07T14:06:45.736"
    }
  },
  {
    "model": "ecom.size",
    "pk": 9,
    "fields": {
      "name": "Small",
      "description": "",
      "date": null,
      "status": true,
      "created_date": "2020-04-07T14:06:50.986",
      "updated_date": "2020-04-07T14:06:50.986"
    }
  },
  {
    "model": "ecom.size",
    "pk": 10,
    "fields": {
      "name": "Extra large",
      "description": "",
      "date": null,
      "status": true,
      "created_date": "2020-04-10T17:19:18.892",
      "updated_date": "2020-04-10T17:19:18.892"
    }
  },
  {
    "model": "ecom.size",
    "pk": 11,
    "fields": {
      "name": "Extra small",
      "description": "",
      "date": null,
      "status": true,
      "created_date": "2020-04-10T17:19:33.860",
      "updated_date": "2020-04-10T17:19:33.860"
    }
  },
  {
    "model": "ecom.colour",
    "pk": 7,
    "fields": {
      "name": "Black",
      "description": "",
      "date": null,
      "status": true,
      "created_date": "2020-04-07T14:07:02.385",
      "updated_date": "2020-04-07T14:07:02.385"
    }
  },
  {
    "model": "ecom.colour",
    "pk": 8,
    "fields": {
      "name": "Red",
      "description": "",
      "date": null,
      "status": true,
      "created_date": "2020-04-07T14:07:06.563",
      "updated_date": "2020-04-07T14:07:06.563"
    }
  },
  {
    "model": "ecom.colour",
    "pk": 9,
    "fields": {
      "name": "Blue",
      "description": "",
      "date": null,
      "status": true,
      "created_date": "2020-04-07T14:07:11.391",
      "updated_date": "2020-04-07T14:07:11.391"
    }
  },
  {
    "model": "ecom.deliverycharges",
    "pk": 2,
    "fields": {
      "product": 96,
      "amount": 100.0,
      "re_status": true,
      "status": null,
      "created_date": "2020-04-10T12:33:31.732",
      "updated_date": "2020-04-10T12:33:31.732"
    }
  },
  {
    "model": "ecom.deliverycharges",
    "pk": 3,
    "fields": {
      "product": 97,
      "amount": 100.0,
      "re_status": true,
      "status": null,
      "created_date": "2020-04-10T12:33:31.773",
      "updated_date": "2020-04-10T12:33:31.773"
    }
  },
  {
    "model": "ecom.deliverycharges",
    "pk": 4,
    "fields": {
      "product": 96,
      "amount": 75.0,
      "re_status": true,
      "status": null,
      "created_date": "2020-04-10T12:33:50.236",
      "updated_date": "2020-04-10T12:33:50.236"
    }
  },
  {
    "model": "ecom.deliverycharges",
    "pk": 5,
    "fields": {
      "product": 97,
      "amount": 60.0,
      "re_status": true,
      "status": null,
      "created_date": "2020-04-10T12:52:22.749",
      "updated_date": "2020-04-10T12:52:22.749"
    }
  },
  {
    "model": "ecom.deliverycharges",
    "pk": 6,
    "fields": {
      "product": 98,
      "amount": 100.0,
      "re_status": true,
      "status": null,
      "created_date": "2020-05-14T17:32:02.977",
      "updated_date": "2020-05-14T17:32:02.977"
    }
  },
  {
    "model": "ecom.deliverycharges",
    "pk": 7,
    "fields": {
      "product": 98,
      "amount": 150.0,
      "re_status": true,
      "status": null,
      "created_date": "2020-05-14T17:39:48.987",
      "updated_date": "2020-05-14T17:39:48.987"
    }
  },
  {
    "model": "ecom.deliverycharges",
    "pk": 8,
    "fields": {
      "product": null,
      "amount": 50.0,
      "re_status": true,
      "status": null,
      "created_date": "2020-05-14T17:39:48.987",
      "updated_date": "2020-05-14T17:39:48.987"
    }
  },
  {
    "model": "ecom.productdetailsamount",
    "pk": 1,
    "fields": {
      "product_details": 44,
      "seller_amount": 400.0,
      "admin_amount": 600.0,
      "date": "2020-03-14T09:44:28.723",
      "created_date": "2020-03-14T09:44:28.723",
      "updated_date": "2020-03-14T09:44:28.723"
    }
  },
  {
    "model": "ecom.productdetailsamount",
    "pk": 2,
    "fields": {
      "product_details": 54,
      "seller_amount": 1000.0,
      "admin_amount": 1500.0,
      "date": "2020-05-12T11:29:32.299",
      "created_date": "2020-05-12T11:29:32.383",
      "updated_date": "2020-05-12T12:16:12.725"
    }
  },
  {
    "model": "ecom.productdetailsamount",
    "pk": 3,
    "fields": {
      "product_details": 54,
      "seller_amount": 700.0,
      "admin_amount": 1700.0,
      "date": "2020-05-13T11:29:32.299",
      "created_date": "2020-05-12T11:29:32.383",
      "updated_date": "2020-05-12T11:57:57.883"
    }
  },
  {
    "model": "ecom.productdetailsamount",
    "pk": 4,
    "fields": {
      "product_details": 56,
      "seller_amount": 650.0,
      "admin_amount": 675.0,
      "date": "2020-05-12T18:41:26.074",
      "created_date": "2020-05-12T18:41:26.175",
      "updated_date": "2020-05-12T18:42:53.510"
    }
  },
  {
    "model": "ecom.productdetailsamount",
    "pk": 5,
    "fields": {
      "product_details": 57,
      "seller_amount": 1200.0,
      "admin_amount": 1300.0,
      "date": "2020-05-13T14:29:09.282",
      "created_date": "2020-05-13T14:29:09.542",
      "updated_date": "2020-05-13T14:29:56.954"
    }
  },
  {
    "model": "ecom.productdetailsamount",
    "pk": 6,
    "fields": {
      "product_details": 57,
      "seller_amount": 1200.0,
      "admin_amount": 1200.0,
      "date": "2020-05-13T14:29:09.282",
      "created_date": "2020-05-13T14:29:09.542",
      "updated_date": "2020-05-13T14:29:56.954"
    }
  },
  {
    "model": "ecom.productdetailsamount",
    "pk": 7,
    "fields": {
      "product_details": 59,
      "seller_amount": 5.5,
      "admin_amount": 7.0,
      "date": "2020-05-18T13:49:19.394",
      "created_date": "2020-05-18T13:49:19.444",
      "updated_date": "2020-05-18T13:49:43.317"
    }
  },
  {
    "model": "ecom.productdetailsamount",
    "pk": 8,
    "fields": {
      "product_details": 60,
      "seller_amount": 34.0,
      "admin_amount": 44.0,
      "date": "2020-05-18T13:54:46.898",
      "created_date": "2020-05-18T13:54:46.950",
      "updated_date": "2020-05-18T13:54:46.950"
    }
  },
  {
    "model": "ecom.productdetailsamount",
    "pk": 9,
    "fields": {
      "product_details": 61,
      "seller_amount": 350.0,
      "admin_amount": 455.0,
      "date": "2020-05-28T09:33:23.375",
      "created_date": "2020-05-28T09:33:23.534",
      "updated_date": "2020-05-28T09:33:37.238"
    }
  },
  {
    "model": "ecom.productdetailsamount",
    "pk": 10,
    "fields": {
      "product_details": 62,
      "seller_amount": 150.0,
      "admin_amount": 195.0,
      "date": "2020-06-18T15:05:06.943",
      "created_date": "2020-06-18T15:05:07.045",
      "updated_date": "2020-06-18T15:05:34.660"
    }
  },
  {
    "model": "ecom.productdetailsamount",
    "pk": 11,
    "fields": {
      "product_details": 63,
      "seller_amount": 250.0,
      "admin_amount": 325.0,
      "date": "2020-06-19T12:57:30.149",
      "created_date": "2020-06-19T12:57:30.257",
      "updated_date": "2020-06-19T12:57:30.257"
    }
  },
  {
    "model": "ecom.productdetailsamount",
    "pk": 12,
    "fields": {
      "product_details": 64,
      "seller_amount": 500.0,
      "admin_amount": 650.0,
      "date": "2020-06-19T13:01:21.621",
      "created_date": "2020-06-19T13:01:21.676",
      "updated_date": "2020-06-19T13:01:21.676"
    }
  },
  {
    "model": "ecom.productdetailsamount",
    "pk": 13,
    "fields": {
      "product_details": 65,
      "seller_amount": 540.0,
      "admin_amount": 702.0,
      "date": "2020-06-19T13:51:14.370",
      "created_date": "2020-06-19T13:51:14.467",
      "updated_date": "2020-06-19T13:51:14.467"
    }
  },
  {
    "model": "ecom.order",
    "pk": 1,
    "fields": {
      "order_id": "49720",
      "product_details": 44,
      "delivery_charges": 3,
      "unique_order_id": "UNI12345",
      "quantity": 2,
      "order_details_amount": 1,
      "amount": 100.0,
      "total_amount": 200.0,
      "date": "2020-05-02T09:44:28.723",
      "re_status": true,
      "status": "dispatched",
      "created_date": "2020-03-14T09:44:28.723",
      "updated_date": "2020-05-01T09:44:28.723"
    }
  },
  {
    "model": "ecom.order",
    "pk": 55,
    "fields": {
      "order_id": "80525",
      "product_details": 44,
      "delivery_charges": 3,
      "unique_order_id": "UNI20688",
      "quantity": 2,
      "order_details_amount": 1,
      "amount": 1200.0,
      "total_amount": 2400.0,
      "date": "2020-05-02T09:44:28.723",
      "re_status": true,
      "status": "delivered",
      "created_date": "2020-04-06T09:59:06.421",
      "updated_date": "2020-05-01T09:44:28.723"
    }
  },
  {
    "model": "ecom.order",
    "pk": 56,
    "fields": {
      "order_id": "80525",
      "product_details": 45,
      "delivery_charges": 5,
      "unique_order_id": "UNI14187",
      "quantity": 1,
      "order_details_amount": 1,
      "amount": 1000.0,
      "total_amount": 1000.0,
      "date": "2020-04-14T09:59:06.418",
      "re_status": true,
      "status": "Return_Confirm",
      "created_date": "2020-04-14T09:59:06.504",
      "updated_date": "2020-04-23T18:36:06.993"
    }
  },
  {
    "model": "ecom.order",
    "pk": 65,
    "fields": {
      "order_id": "ORD205151042405862",
      "product_details": 44,
      "delivery_charges": null,
      "unique_order_id": "UNI205151042403818",
      "quantity": 2,
      "order_details_amount": null,
      "amount": 600.0,
      "total_amount": 1200.0,
      "date": "2020-05-15T10:42:40.410",
      "re_status": true,
      "status": "shipped",
      "created_date": "2020-05-15T10:42:40.426",
      "updated_date": "2020-05-27T11:21:57.341"
    }
  },
  {
    "model": "ecom.order",
    "pk": 66,
    "fields": {
      "order_id": "ORD205151042405862",
      "product_details": 51,
      "delivery_charges": null,
      "unique_order_id": "UNI20515104240246",
      "quantity": 1,
      "order_details_amount": null,
      "amount": 56000.0,
      "total_amount": 56000.0,
      "date": "2020-05-15T10:42:40.410",
      "re_status": true,
      "status": "placed",
      "created_date": "2020-05-15T10:42:40.497",
      "updated_date": "2020-05-15T10:42:40.497"
    }
  },
  {
    "model": "ecom.order",
    "pk": 67,
    "fields": {
      "order_id": "ORD205151042537615",
      "product_details": 44,
      "delivery_charges": null,
      "unique_order_id": "UNI205151042539438",
      "quantity": 2,
      "order_details_amount": null,
      "amount": 600.0,
      "total_amount": 1200.0,
      "date": "2020-05-15T10:42:53.010",
      "re_status": true,
      "status": "shipped",
      "created_date": "2020-05-15T10:42:53.026",
      "updated_date": "2020-05-27T11:17:44.608"
    }
  },
  {
    "model": "ecom.order",
    "pk": 68,
    "fields": {
      "order_id": "ORD205151042537615",
      "product_details": 51,
      "delivery_charges": null,
      "unique_order_id": "UNI205151042537430",
      "quantity": 1,
      "order_details_amount": null,
      "amount": 56000.0,
      "total_amount": 56000.0,
      "date": "2020-05-15T10:42:53.010",
      "re_status": true,
      "status": "placed",
      "created_date": "2020-05-15T10:42:53.045",
      "updated_date": "2020-05-15T10:42:53.045"
    }
  },
  {
    "model": "ecom.order",
    "pk": 69,
    "fields": {
      "order_id": "ORD205151042542714",
      "product_details": 44,
      "delivery_charges": null,
      "unique_order_id": "UNI205151042543072",
      "quantity": 2,
      "order_details_amount": null,
      "amount": 600.0,
      "total_amount": 1200.0,
      "date": "2020-05-15T10:42:54.997",
      "re_status": true,
      "status": "shipped",
      "created_date": "2020-05-15T10:42:55.026",
      "updated_date": "2020-05-25T13:58:55.221"
    }
  },
  {
    "model": "ecom.order",
    "pk": 70,
    "fields": {
      "order_id": "ORD205151042542714",
      "product_details": 51,
      "delivery_charges": null,
      "unique_order_id": "UNI205151042551890",
      "quantity": 1,
      "order_details_amount": null,
      "amount": 56000.0,
      "total_amount": 56000.0,
      "date": "2020-05-15T10:42:54.997",
      "re_status": true,
      "status": "placed",
      "created_date": "2020-05-15T10:42:55.055",
      "updated_date": "2020-05-15T10:42:55.055"
    }
  },
  {
    "model": "ecom.order",
    "pk": 71,
    "fields": {
      "order_id": "ORD205151045363715",
      "product_details": 44,
      "delivery_charges": null,
      "unique_order_id": "UNI205151045362221",
      "quantity": 2,
      "order_details_amount": null,
      "amount": 600.0,
      "total_amount": 1200.0,
      "date": "2020-05-15T10:45:36.586",
      "re_status": true,
      "status": "shipped",
      "created_date": "2020-05-15T10:45:36.610",
      "updated_date": "2020-05-25T12:44:18.970"
    }
  },
  {
    "model": "ecom.order",
    "pk": 72,
    "fields": {
      "order_id": "ORD205151045363715",
      "product_details": 51,
      "delivery_charges": null,
      "unique_order_id": "UNI205151045364104",
      "quantity": 1,
      "order_details_amount": null,
      "amount": 56000.0,
      "total_amount": 56000.0,
      "date": "2020-05-15T10:45:36.586",
      "re_status": true,
      "status": "placed",
      "created_date": "2020-05-15T10:45:36.653",
      "updated_date": "2020-05-15T10:45:36.653"
    }
  },
  {
    "model": "ecom.order",
    "pk": 73,
    "fields": {
      "order_id": "ORD205151113299781",
      "product_details": 54,
      "delivery_charges": 5,
      "unique_order_id": "UNI205151113291258",
      "quantity": 2,
      "order_details_amount": 3,
      "amount": 1700.0,
      "total_amount": 3400.0,
      "date": "2020-05-15T11:13:29.700",
      "re_status": true,
      "status": "placed",
      "created_date": "2020-05-15T11:13:29.727",
      "updated_date": "2020-05-15T11:13:29.727"
    }
  },
  {
    "model": "ecom.order",
    "pk": 74,
    "fields": {
      "order_id": "ORD205151113299781",
      "product_details": 57,
      "delivery_charges": 7,
      "unique_order_id": "UNI205151113299838",
      "quantity": 1,
      "order_details_amount": 6,
      "amount": 1200.0,
      "total_amount": 1200.0,
      "date": "2020-05-15T11:13:29.700",
      "re_status": true,
      "status": "placed",
      "created_date": "2020-05-15T11:13:29.782",
      "updated_date": "2020-05-15T11:13:29.782"
    }
  },
  {
    "model": "ecom.order",
    "pk": 75,
    "fields": {
      "order_id": "ORD205151133522875",
      "product_details": 54,
      "delivery_charges": 5,
      "unique_order_id": "UNI2051511335250",
      "quantity": 2,
      "order_details_amount": 3,
      "amount": 1700.0,
      "total_amount": 3400.0,
      "date": "2020-05-15T11:33:52.294",
      "re_status": true,
      "status": "placed",
      "created_date": "2020-05-15T11:33:52.317",
      "updated_date": "2020-05-15T11:33:52.317"
    }
  },
  {
    "model": "ecom.order",
    "pk": 76,
    "fields": {
      "order_id": "ORD205151133522875",
      "product_details": 57,
      "delivery_charges": 7,
      "unique_order_id": "UNI205151133526781",
      "quantity": 1,
      "order_details_amount": 6,
      "amount": 1200.0,
      "total_amount": 1200.0,
      "date": "2020-05-15T11:33:52.294",
      "re_status": true,
      "status": "placed",
      "created_date": "2020-05-15T11:33:52.369",
      "updated_date": "2020-05-15T11:33:52.369"
    }
  },
  {
    "model": "ecom.order",
    "pk": 77,
    "fields": {
      "order_id": "ORD20515113843685",
      "product_details": 54,
      "delivery_charges": 5,
      "unique_order_id": "UNI205151138435409",
      "quantity": 2,
      "order_details_amount": 3,
      "amount": 1700.0,
      "total_amount": 3400.0,
      "date": "2020-05-15T11:38:43.919",
      "re_status": true,
      "status": "placed",
      "created_date": "2020-05-15T11:38:43.947",
      "updated_date": "2020-05-15T11:38:43.947"
    }
  },
  {
    "model": "ecom.order",
    "pk": 78,
    "fields": {
      "order_id": "ORD20515113843685",
      "product_details": 57,
      "delivery_charges": 7,
      "unique_order_id": "UNI205151138437742",
      "quantity": 1,
      "order_details_amount": 6,
      "amount": 1200.0,
      "total_amount": 1200.0,
      "date": "2020-05-15T11:38:43.919",
      "re_status": true,
      "status": "placed",
      "created_date": "2020-05-15T11:38:44",
      "updated_date": "2020-05-15T11:38:44"
    }
  },
  {
    "model": "ecom.order",
    "pk": 79,
    "fields": {
      "order_id": "ORD2051511392639",
      "product_details": 54,
      "delivery_charges": 5,
      "unique_order_id": "UNI20515113923545",
      "quantity": 2,
      "order_details_amount": 3,
      "amount": 1700.0,
      "total_amount": 3400.0,
      "date": "2020-05-15T11:39:02.347",
      "re_status": true,
      "status": "placed",
      "created_date": "2020-05-15T11:39:02.374",
      "updated_date": "2020-05-15T11:39:02.374"
    }
  },
  {
    "model": "ecom.order",
    "pk": 80,
    "fields": {
      "order_id": "ORD2051511392639",
      "product_details": 57,
      "delivery_charges": 7,
      "unique_order_id": "UNI20515113929697",
      "quantity": 1,
      "order_details_amount": 6,
      "amount": 1200.0,
      "total_amount": 1200.0,
      "date": "2020-05-15T11:39:02.347",
      "re_status": true,
      "status": "placed",
      "created_date": "2020-05-15T11:39:02.430",
      "updated_date": "2020-05-15T11:39:02.430"
    }
  },
  {
    "model": "ecom.order",
    "pk": 81,
    "fields": {
      "order_id": "ORD205151140325981",
      "product_details": 54,
      "delivery_charges": 5,
      "unique_order_id": "UNI205151140326849",
      "quantity": 2,
      "order_details_amount": 3,
      "amount": 1700.0,
      "total_amount": 3400.0,
      "date": "2020-05-15T11:40:32.045",
      "re_status": true,
      "status": "placed",
      "created_date": "2020-05-15T11:40:32.076",
      "updated_date": "2020-05-15T11:40:32.076"
    }
  },
  {
    "model": "ecom.order",
    "pk": 82,
    "fields": {
      "order_id": "ORD205151140325981",
      "product_details": 57,
      "delivery_charges": 7,
      "unique_order_id": "UNI205151140329756",
      "quantity": 1,
      "order_details_amount": 6,
      "amount": 1200.0,
      "total_amount": 1200.0,
      "date": "2020-05-15T11:40:32.045",
      "re_status": true,
      "status": "placed",
      "created_date": "2020-05-15T11:40:32.125",
      "updated_date": "2020-05-15T11:40:32.125"
    }
  },
  {
    "model": "ecom.order",
    "pk": 83,
    "fields": {
      "order_id": "ORD205151141334784",
      "product_details": 54,
      "delivery_charges": 5,
      "unique_order_id": "UNI205151141338726",
      "quantity": 2,
      "order_details_amount": 3,
      "amount": 1700.0,
      "total_amount": 3400.0,
      "date": "2020-05-15T11:41:33.920",
      "re_status": true,
      "status": "placed",
      "created_date": "2020-05-15T11:41:33.948",
      "updated_date": "2020-05-15T11:41:33.948"
    }
  },
  {
    "model": "ecom.order",
    "pk": 84,
    "fields": {
      "order_id": "ORD205151141334784",
      "product_details": 57,
      "delivery_charges": 7,
      "unique_order_id": "UNI205151141334148",
      "quantity": 1,
      "order_details_amount": 6,
      "amount": 1200.0,
      "total_amount": 1200.0,
      "date": "2020-05-15T11:41:33.920",
      "re_status": true,
      "status": "placed",
      "created_date": "2020-05-15T11:41:34.003",
      "updated_date": "2020-05-15T11:41:34.003"
    }
  },
  {
    "model": "ecom.order",
    "pk": 85,
    "fields": {
      "order_id": "ORD205151143111133",
      "product_details": 54,
      "delivery_charges": 5,
      "unique_order_id": "UNI205151143115698",
      "quantity": 2,
      "order_details_amount": 3,
      "amount": 1700.0,
      "total_amount": 3400.0,
      "date": "2020-05-15T11:43:11.186",
      "re_status": true,
      "status": "placed",
      "created_date": "2020-05-15T11:43:11.211",
      "updated_date": "2020-05-15T11:43:11.211"
    }
  },
  {
    "model": "ecom.order",
    "pk": 86,
    "fields": {
      "order_id": "ORD205151143111133",
      "product_details": 57,
      "delivery_charges": 7,
      "unique_order_id": "UNI205151143115828",
      "quantity": 1,
      "order_details_amount": 6,
      "amount": 1200.0,
      "total_amount": 1200.0,
      "date": "2020-05-15T11:43:11.186",
      "re_status": true,
      "status": "placed",
      "created_date": "2020-05-15T11:43:11.251",
      "updated_date": "2020-05-15T11:43:11.251"
    }
  },
  {
    "model": "ecom.order",
    "pk": 87,
    "fields": {
      "order_id": "ORD205151144333521",
      "product_details": 54,
      "delivery_charges": 5,
      "unique_order_id": "UNI2051511443368",
      "quantity": 2,
      "order_details_amount": 3,
      "amount": 1700.0,
      "total_amount": 3400.0,
      "date": "2020-05-15T11:44:33.243",
      "re_status": true,
      "status": "shipped",
      "created_date": "2020-05-15T11:44:33.267",
      "updated_date": "2020-05-27T11:30:43.197"
    }
  },
  {
    "model": "ecom.order",
    "pk": 88,
    "fields": {
      "order_id": "ORD205151144333521",
      "product_details": 57,
      "delivery_charges": 7,
      "unique_order_id": "UNI205151144331913",
      "quantity": 1,
      "order_details_amount": 6,
      "amount": 1200.0,
      "total_amount": 1200.0,
      "date": "2020-05-15T11:44:33.243",
      "re_status": true,
      "status": "placed",
      "created_date": "2020-05-15T11:44:33.334",
      "updated_date": "2020-05-15T11:44:33.334"
    }
  },
  {
    "model": "ecom.order",
    "pk": 89,
    "fields": {
      "order_id": "ORD205151147323313",
      "product_details": 54,
      "delivery_charges": 5,
      "unique_order_id": "UNI205151147322592",
      "quantity": 2,
      "order_details_amount": 3,
      "amount": 1700.0,
      "total_amount": 3400.0,
      "date": "2020-05-15T11:47:32.520",
      "re_status": true,
      "status": "shipped",
      "created_date": "2020-05-15T11:47:32.543",
      "updated_date": "2020-05-27T11:26:51.486"
    }
  },
  {
    "model": "ecom.order",
    "pk": 90,
    "fields": {
      "order_id": "ORD205151147323314",
      "product_details": 57,
      "delivery_charges": 7,
      "unique_order_id": "UNI205151147327775",
      "quantity": 1,
      "order_details_amount": 6,
      "amount": 1200.0,
      "total_amount": 1200.0,
      "date": "2020-05-15T11:47:32.520",
      "re_status": true,
      "status": "placed",
      "created_date": "2020-05-15T11:47:32.601",
      "updated_date": "2020-05-15T11:47:32.601"
    }
  },
  {
    "model": "ecom.order",
    "pk": 91,
    "fields": {
      "order_id": "ORD205291629302743",
      "product_details": 44,
      "delivery_charges": 4,
      "unique_order_id": "UNI20529162930507",
      "quantity": 2,
      "order_details_amount": 1,
      "amount": 600.0,
      "total_amount": 1200.0,
      "date": "2020-05-29T16:29:30.171",
      "re_status": true,
      "status": "placed",
      "created_date": "2020-05-29T16:29:30.194",
      "updated_date": "2020-05-29T16:29:30.194"
    }
  },
  {
    "model": "ecom.order",
    "pk": 92,
    "fields": {
      "order_id": "ORD205291629302743",
      "product_details": 45,
      "delivery_charges": 4,
      "unique_order_id": "UNI205291629309665",
      "quantity": 1,
      "order_details_amount": null,
      "amount": 1000.0,
      "total_amount": 1000.0,
      "date": "2020-05-29T16:29:30.171",
      "re_status": true,
      "status": "placed",
      "created_date": "2020-05-29T16:29:30.280",
      "updated_date": "2020-05-29T16:29:30.280"
    }
  },
  {
    "model": "ecom.order",
    "pk": 93,
    "fields": {
      "order_id": "ORD205291630356501",
      "product_details": 44,
      "delivery_charges": 4,
      "unique_order_id": "UNI20529163035653",
      "quantity": 2,
      "order_details_amount": 1,
      "amount": 600.0,
      "total_amount": 1200.0,
      "date": "2020-05-29T16:30:35.942",
      "re_status": true,
      "status": "placed",
      "created_date": "2020-05-29T16:30:35.971",
      "updated_date": "2020-05-29T16:30:35.971"
    }
  },
  {
    "model": "ecom.order",
    "pk": 94,
    "fields": {
      "order_id": "ORD205291630356501",
      "product_details": 45,
      "delivery_charges": 4,
      "unique_order_id": "UNI205291630366985",
      "quantity": 1,
      "order_details_amount": null,
      "amount": 1000.0,
      "total_amount": 1000.0,
      "date": "2020-05-29T16:30:35.942",
      "re_status": true,
      "status": "placed",
      "created_date": "2020-05-29T16:30:36.022",
      "updated_date": "2020-05-29T16:30:36.023"
    }
  },
  {
    "model": "ecom.order",
    "pk": 95,
    "fields": {
      "order_id": "ORD205291641183985",
      "product_details": 44,
      "delivery_charges": 4,
      "unique_order_id": "UNI205291641181206",
      "quantity": 2,
      "order_details_amount": 1,
      "amount": 600.0,
      "total_amount": 1200.0,
      "date": "2020-05-29T16:41:18.247",
      "re_status": true,
      "status": "placed",
      "created_date": "2020-05-29T16:41:18.268",
      "updated_date": "2020-05-29T16:41:18.269"
    }
  },
  {
    "model": "ecom.order",
    "pk": 96,
    "fields": {
      "order_id": "ORD205291641183985",
      "product_details": 45,
      "delivery_charges": 4,
      "unique_order_id": "UNI20529164118542",
      "quantity": 1,
      "order_details_amount": null,
      "amount": 1000.0,
      "total_amount": 1000.0,
      "date": "2020-05-29T16:41:18.247",
      "re_status": true,
      "status": "placed",
      "created_date": "2020-05-29T16:41:18.319",
      "updated_date": "2020-05-29T16:41:18.319"
    }
  },
  {
    "model": "ecom.order",
    "pk": 97,
    "fields": {
      "order_id": "ORD20529164382500",
      "product_details": 44,
      "delivery_charges": 4,
      "unique_order_id": "UNI2052916438577",
      "quantity": 2,
      "order_details_amount": 1,
      "amount": 600.0,
      "total_amount": 1200.0,
      "date": "2020-05-29T16:43:08.034",
      "re_status": true,
      "status": "placed",
      "created_date": "2020-05-29T16:43:08.056",
      "updated_date": "2020-05-29T16:43:08.056"
    }
  },
  {
    "model": "ecom.order",
    "pk": 98,
    "fields": {
      "order_id": "ORD20529164382500",
      "product_details": 45,
      "delivery_charges": 4,
      "unique_order_id": "UNI20529164381242",
      "quantity": 1,
      "order_details_amount": null,
      "amount": 1000.0,
      "total_amount": 1000.0,
      "date": "2020-05-29T16:43:08.034",
      "re_status": true,
      "status": "placed",
      "created_date": "2020-05-29T16:43:08.100",
      "updated_date": "2020-05-29T16:43:08.100"
    }
  },
  {
    "model": "ecom.order",
    "pk": 99,
    "fields": {
      "order_id": "ORD2061147247818",
      "product_details": 44,
      "delivery_charges": 4,
      "unique_order_id": "UNI2061147243442",
      "quantity": 2,
      "order_details_amount": 1,
      "amount": 600.0,
      "total_amount": 1200.0,
      "date": "2020-06-01T14:07:24.353",
      "re_status": true,
      "status": "initiated",
      "created_date": "2020-06-01T14:07:24.375",
      "updated_date": "2020-06-01T14:07:24.375"
    }
  },
  {
    "model": "ecom.order",
    "pk": 100,
    "fields": {
      "order_id": "ORD2061147247818",
      "product_details": 46,
      "delivery_charges": 4,
      "unique_order_id": "UNI2061147248930",
      "quantity": 1,
      "order_details_amount": null,
      "amount": 1700.0,
      "total_amount": 1700.0,
      "date": "2020-06-01T14:07:24.353",
      "re_status": true,
      "status": "initiated",
      "created_date": "2020-06-01T14:07:24.437",
      "updated_date": "2020-06-01T14:07:24.437"
    }
  },
  {
    "model": "ecom.order",
    "pk": 101,
    "fields": {
      "order_id": "ORD20611436489798",
      "product_details": 44,
      "delivery_charges": 4,
      "unique_order_id": "UNI20611436482989",
      "quantity": 2,
      "order_details_amount": 1,
      "amount": 600.0,
      "total_amount": 1200.0,
      "date": "2020-06-01T14:36:48.243",
      "re_status": true,
      "status": "initiated",
      "created_date": "2020-06-01T14:36:48.264",
      "updated_date": "2020-06-01T14:36:48.264"
    }
  },
  {
    "model": "ecom.order",
    "pk": 102,
    "fields": {
      "order_id": "ORD20611436489798",
      "product_details": 46,
      "delivery_charges": 4,
      "unique_order_id": "UNI20611436483797",
      "quantity": 1,
      "order_details_amount": null,
      "amount": 1700.0,
      "total_amount": 1700.0,
      "date": "2020-06-01T14:36:48.243",
      "re_status": true,
      "status": "initiated",
      "created_date": "2020-06-01T14:36:48.333",
      "updated_date": "2020-06-01T14:36:48.333"
    }
  },
  {
    "model": "ecom.order",
    "pk": 103,
    "fields": {
      "order_id": "ORD206312466881",
      "product_details": 44,
      "delivery_charges": 4,
      "unique_order_id": "UNI2063124662677",
      "quantity": 2,
      "order_details_amount": 1,
      "amount": 600.0,
      "total_amount": 1200.0,
      "date": "2020-06-03T12:46:06.927",
      "re_status": true,
      "status": "initiated",
      "created_date": "2020-06-03T12:46:07.016",
      "updated_date": "2020-06-03T12:46:07.016"
    }
  },
  {
    "model": "ecom.order",
    "pk": 104,
    "fields": {
      "order_id": "ORD206312466881",
      "product_details": 51,
      "delivery_charges": 7,
      "unique_order_id": "UNI2063124677311",
      "quantity": 1,
      "order_details_amount": null,
      "amount": 56000.0,
      "total_amount": 56000.0,
      "date": "2020-06-03T12:46:06.927",
      "re_status": true,
      "status": "initiated",
      "created_date": "2020-06-03T12:46:07.110",
      "updated_date": "2020-06-03T12:46:07.110"
    }
  },
  {
    "model": "ecom.order",
    "pk": 105,
    "fields": {
      "order_id": "ORD20631252239436",
      "product_details": 44,
      "delivery_charges": 4,
      "unique_order_id": "UNI20631252233431",
      "quantity": 2,
      "order_details_amount": 1,
      "amount": 600.0,
      "total_amount": 1200.0,
      "date": "2020-06-03T12:52:23.489",
      "re_status": true,
      "status": "initiated",
      "created_date": "2020-06-03T12:52:23.514",
      "updated_date": "2020-06-03T12:52:23.514"
    }
  },
  {
    "model": "ecom.order",
    "pk": 106,
    "fields": {
      "order_id": "ORD20631252239436",
      "product_details": 51,
      "delivery_charges": 7,
      "unique_order_id": "UNI20631252235011",
      "quantity": 1,
      "order_details_amount": null,
      "amount": 56000.0,
      "total_amount": 56000.0,
      "date": "2020-06-03T12:52:23.489",
      "re_status": true,
      "status": "initiated",
      "created_date": "2020-06-03T12:52:23.567",
      "updated_date": "2020-06-03T12:52:23.567"
    }
  },
  {
    "model": "ecom.order",
    "pk": 107,
    "fields": {
      "order_id": "ORD20651629301663",
      "product_details": 44,
      "delivery_charges": 4,
      "unique_order_id": "UNI20651629309062",
      "quantity": 2,
      "order_details_amount": 1,
      "amount": 600.0,
      "total_amount": 1200.0,
      "date": "2020-06-05T16:29:30.257",
      "re_status": true,
      "status": "initiated",
      "created_date": "2020-06-05T16:29:30.282",
      "updated_date": "2020-06-05T16:29:30.282"
    }
  },
  {
    "model": "ecom.order",
    "pk": 108,
    "fields": {
      "order_id": "ORD20651629301663",
      "product_details": 51,
      "delivery_charges": 7,
      "unique_order_id": "UNI20651629304981",
      "quantity": 1,
      "order_details_amount": null,
      "amount": 56000.0,
      "total_amount": 56000.0,
      "date": "2020-06-05T16:29:30.257",
      "re_status": true,
      "status": "initiated",
      "created_date": "2020-06-05T16:29:30.491",
      "updated_date": "2020-06-05T16:29:30.491"
    }
  },
  {
    "model": "ecom.order",
    "pk": 109,
    "fields": {
      "order_id": "ORD2065163263276",
      "product_details": 44,
      "delivery_charges": 4,
      "unique_order_id": "UNI2065163263090",
      "quantity": 2,
      "order_details_amount": 1,
      "amount": 600.0,
      "total_amount": 1200.0,
      "date": "2020-06-05T16:32:06.743",
      "re_status": true,
      "status": "initiated",
      "created_date": "2020-06-05T16:32:06.769",
      "updated_date": "2020-06-05T16:32:06.769"
    }
  },
  {
    "model": "ecom.order",
    "pk": 110,
    "fields": {
      "order_id": "ORD2065163263276",
      "product_details": 51,
      "delivery_charges": 7,
      "unique_order_id": "UNI2065163266045",
      "quantity": 1,
      "order_details_amount": null,
      "amount": 56000.0,
      "total_amount": 56000.0,
      "date": "2020-06-05T16:32:06.743",
      "re_status": true,
      "status": "initiated",
      "created_date": "2020-06-05T16:32:06.819",
      "updated_date": "2020-06-05T16:32:06.819"
    }
  },
  {
    "model": "ecom.order",
    "pk": 111,
    "fields": {
      "order_id": "ORD20661043525720",
      "product_details": 44,
      "delivery_charges": 4,
      "unique_order_id": "UNI20661043521226",
      "quantity": 2,
      "order_details_amount": 1,
      "amount": 600.0,
      "total_amount": 1200.0,
      "date": "2020-06-06T10:43:52.200",
      "re_status": true,
      "status": "initiated",
      "created_date": "2020-06-06T10:43:52.488",
      "updated_date": "2020-06-06T10:43:52.488"
    }
  },
  {
    "model": "ecom.order",
    "pk": 112,
    "fields": {
      "order_id": "ORD20661043525720",
      "product_details": 51,
      "delivery_charges": 7,
      "unique_order_id": "UNI20661043524312",
      "quantity": 1,
      "order_details_amount": null,
      "amount": 56000.0,
      "total_amount": 56000.0,
      "date": "2020-06-06T10:43:52.200",
      "re_status": true,
      "status": "initiated",
      "created_date": "2020-06-06T10:43:52.653",
      "updated_date": "2020-06-06T10:43:52.653"
    }
  },
  {
    "model": "ecom.order",
    "pk": 113,
    "fields": {
      "order_id": "ORD206612192677",
      "product_details": 44,
      "delivery_charges": 4,
      "unique_order_id": "UNI20661219264305",
      "quantity": 2,
      "order_details_amount": 1,
      "amount": 600.0,
      "total_amount": 1200.0,
      "date": "2020-06-06T12:19:26.148",
      "re_status": true,
      "status": "initiated",
      "created_date": "2020-06-06T12:19:26.171",
      "updated_date": "2020-06-06T12:19:26.171"
    }
  },
  {
    "model": "ecom.order",
    "pk": 114,
    "fields": {
      "order_id": "ORD206612192677",
      "product_details": 51,
      "delivery_charges": 7,
      "unique_order_id": "UNI20661219266013",
      "quantity": 1,
      "order_details_amount": null,
      "amount": 56000.0,
      "total_amount": 56000.0,
      "date": "2020-06-06T12:19:26.148",
      "re_status": true,
      "status": "initiated",
      "created_date": "2020-06-06T12:19:26.221",
      "updated_date": "2020-06-06T12:19:26.221"
    }
  },
  {
    "model": "ecom.order",
    "pk": 115,
    "fields": {
      "order_id": "ORD20661220214508",
      "product_details": 44,
      "delivery_charges": 4,
      "unique_order_id": "UNI2066122021614",
      "quantity": 2,
      "order_details_amount": 1,
      "amount": 600.0,
      "total_amount": 1200.0,
      "date": "2020-06-06T12:20:21.269",
      "re_status": true,
      "status": "initiated",
      "created_date": "2020-06-06T12:20:21.299",
      "updated_date": "2020-06-06T12:20:21.299"
    }
  },
  {
    "model": "ecom.order",
    "pk": 116,
    "fields": {
      "order_id": "ORD20661220214508",
      "product_details": 51,
      "delivery_charges": 7,
      "unique_order_id": "UNI20661220215982",
      "quantity": 1,
      "order_details_amount": null,
      "amount": 56000.0,
      "total_amount": 56000.0,
      "date": "2020-06-06T12:20:21.269",
      "re_status": true,
      "status": "initiated",
      "created_date": "2020-06-06T12:20:21.348",
      "updated_date": "2020-06-06T12:20:21.348"
    }
  },
  {
    "model": "ecom.order",
    "pk": 117,
    "fields": {
      "order_id": "ORD20661252561302",
      "product_details": 44,
      "delivery_charges": 4,
      "unique_order_id": "UNI20661252563488",
      "quantity": 2,
      "order_details_amount": 1,
      "amount": 600.0,
      "total_amount": 1200.0,
      "date": "2020-06-06T12:52:56.110",
      "re_status": true,
      "status": "initiated",
      "created_date": "2020-06-06T12:52:56.200",
      "updated_date": "2020-06-06T12:52:56.200"
    }
  },
  {
    "model": "ecom.order",
    "pk": 118,
    "fields": {
      "order_id": "ORD20661252561302",
      "product_details": 51,
      "delivery_charges": 7,
      "unique_order_id": "UNI20661252564506",
      "quantity": 1,
      "order_details_amount": null,
      "amount": 56000.0,
      "total_amount": 56000.0,
      "date": "2020-06-06T12:52:56.110",
      "re_status": true,
      "status": "initiated",
      "created_date": "2020-06-06T12:52:56.253",
      "updated_date": "2020-06-06T12:52:56.253"
    }
  },
  {
    "model": "ecom.order",
    "pk": 119,
    "fields": {
      "order_id": "ORD20661338118963",
      "product_details": 44,
      "delivery_charges": 4,
      "unique_order_id": "UNI2066133811965",
      "quantity": 2,
      "order_details_amount": 1,
      "amount": 600.0,
      "total_amount": 1200.0,
      "date": "2020-06-06T13:38:11.027",
      "re_status": true,
      "status": "initiated",
      "created_date": "2020-06-06T13:38:11.049",
      "updated_date": "2020-06-06T13:38:11.049"
    }
  },
  {
    "model": "ecom.order",
    "pk": 120,
    "fields": {
      "order_id": "ORD20661338118963",
      "product_details": 51,
      "delivery_charges": 7,
      "unique_order_id": "UNI20661338111431",
      "quantity": 1,
      "order_details_amount": null,
      "amount": 56000.0,
      "total_amount": 56000.0,
      "date": "2020-06-06T13:38:11.027",
      "re_status": true,
      "status": "initiated",
      "created_date": "2020-06-06T13:38:11.086",
      "updated_date": "2020-06-06T13:38:11.086"
    }
  },
  {
    "model": "ecom.images",
    "pk": 17,
    "fields": {
      "path": "images/watch_1.jpeg",
      "product": 96,
      "status": true,
      "date": null,
      "type": "main",
      "created_date": "2020-04-07T17:03:49.842",
      "updated_date": "2020-04-07T17:03:49.842",
      "product_details": []
    }
  },
  {
    "model": "ecom.images",
    "pk": 18,
    "fields": {
      "path": "images/watch_2.jpeg",
      "product": 97,
      "status": true,
      "date": null,
      "type": "main",
      "created_date": "2020-04-07T17:20:00.468",
      "updated_date": "2020-04-07T17:20:00.468",
      "product_details": []
    }
  },
  {
    "model": "ecom.images",
    "pk": 26,
    "fields": {
      "path": "images/watch_2_P1HJXs9.jpeg",
      "product": null,
      "status": true,
      "date": null,
      "type": "other",
      "created_date": "2020-04-08T13:50:08.475",
      "updated_date": "2020-04-08T13:50:08.475",
      "product_details": [
        44,
        45
      ]
    }
  },
  {
    "model": "ecom.images",
    "pk": 27,
    "fields": {
      "path": "images/watch_2_jTdKhXB.jpeg",
      "product": null,
      "status": true,
      "date": null,
      "type": "other",
      "created_date": "2020-04-08T13:50:08.499",
      "updated_date": "2020-04-08T13:50:08.499",
      "product_details": [
        44,
        45
      ]
    }
  },
  {
    "model": "ecom.images",
    "pk": 28,
    "fields": {
      "path": "images/watch_3.jpeg",
      "product": null,
      "status": true,
      "date": null,
      "type": "other",
      "created_date": "2020-04-08T16:14:13.983",
      "updated_date": "2020-04-08T16:14:13.983",
      "product_details": [
        46
      ]
    }
  },
  {
    "model": "ecom.images",
    "pk": 29,
    "fields": {
      "path": "images/watch_3_4JkzZvH.jpeg",
      "product": null,
      "status": true,
      "date": null,
      "type": "other",
      "created_date": "2020-04-08T17:02:32.891",
      "updated_date": "2020-04-08T17:02:32.891",
      "product_details": [
        48
      ]
    }
  },
  {
    "model": "ecom.images",
    "pk": 30,
    "fields": {
      "path": "C:\\fakepath\\300x0w.jpg",
      "product": null,
      "status": true,
      "date": null,
      "type": "seller_return_image",
      "created_date": "2020-04-23T18:32:36.141",
      "updated_date": "2020-04-23T18:32:36.141",
      "product_details": []
    }
  },
  {
    "model": "ecom.images",
    "pk": 31,
    "fields": {
      "path": "C:\\fakepath\\300x0w.jpg",
      "product": null,
      "status": true,
      "date": null,
      "type": "seller_return_image",
      "created_date": "2020-04-23T18:36:07.063",
      "updated_date": "2020-04-23T18:36:07.063",
      "product_details": []
    }
  },
  {
    "model": "ecom.images",
    "pk": 32,
    "fields": {
      "path": "C:\\fakepath\\watch_1.jpeg",
      "product": null,
      "status": true,
      "date": null,
      "type": "seller_exchange_image",
      "created_date": "2020-04-28T10:06:24.900",
      "updated_date": "2020-04-28T10:06:24.900",
      "product_details": []
    }
  },
  {
    "model": "ecom.images",
    "pk": 33,
    "fields": {
      "path": "images/watch_2_MB9Lmex.jpeg",
      "product": 96,
      "status": true,
      "date": null,
      "type": "main",
      "created_date": "2020-05-08T12:01:23.910",
      "updated_date": "2020-05-08T12:01:23.910",
      "product_details": []
    }
  },
  {
    "model": "ecom.images",
    "pk": 34,
    "fields": {
      "path": "images/watch_1_kvYIPa8.jpeg",
      "product": 96,
      "status": true,
      "date": null,
      "type": "main",
      "created_date": "2020-05-08T12:02:38.469",
      "updated_date": "2020-05-08T12:02:38.469",
      "product_details": []
    }
  },
  {
    "model": "ecom.images",
    "pk": 35,
    "fields": {
      "path": "images/dell_laptop.jpeg",
      "product": null,
      "status": true,
      "date": null,
      "type": "other",
      "created_date": "2020-05-08T12:29:49.531",
      "updated_date": "2020-05-08T12:29:49.531",
      "product_details": [
        49
      ]
    }
  },
  {
    "model": "ecom.images",
    "pk": 36,
    "fields": {
      "path": "ecom/watch_1.jpeg",
      "product": 97,
      "status": true,
      "date": null,
      "type": "main",
      "created_date": "2020-05-09T16:22:10.588",
      "updated_date": "2020-05-09T16:22:10.588",
      "product_details": []
    }
  },
  {
    "model": "ecom.images",
    "pk": 37,
    "fields": {
      "path": "ecom/hp_black.jpeg",
      "product": 98,
      "status": true,
      "date": null,
      "type": "main",
      "created_date": "2020-05-09T18:05:17.320",
      "updated_date": "2020-05-09T18:05:17.320",
      "product_details": []
    }
  },
  {
    "model": "ecom.images",
    "pk": 38,
    "fields": {
      "path": "ecom/hp_black_8Cdok8w.jpeg",
      "product": null,
      "status": true,
      "date": null,
      "type": "other",
      "created_date": "2020-05-09T18:10:14.717",
      "updated_date": "2020-05-09T18:10:14.717",
      "product_details": [
        50
      ]
    }
  },
  {
    "model": "ecom.images",
    "pk": 39,
    "fields": {
      "path": "ecom/hp_white.jpeg",
      "product": null,
      "status": true,
      "date": null,
      "type": "other",
      "created_date": "2020-05-09T18:14:13.091",
      "updated_date": "2020-05-09T18:14:13.091",
      "product_details": [
        51
      ]
    }
  },
  {
    "model": "ecom.images",
    "pk": 40,
    "fields": {
      "path": "ecom/watch_1_AOlKyq9.jpeg",
      "product": 96,
      "status": true,
      "date": null,
      "type": "main",
      "created_date": "2020-05-11T11:38:27.815",
      "updated_date": "2020-05-11T11:38:27.815",
      "product_details": []
    }
  },
  {
    "model": "ecom.images",
    "pk": 41,
    "fields": {
      "path": "ecom/watch_1.jpeg",
      "product": 96,
      "status": true,
      "date": null,
      "type": "main",
      "created_date": "2020-05-11T11:41:26.594",
      "updated_date": "2020-05-11T11:41:26.594",
      "product_details": []
    }
  },
  {
    "model": "ecom.images",
    "pk": 42,
    "fields": {
      "path": "ecom/hp_black.jpeg",
      "product": 98,
      "status": true,
      "date": null,
      "type": "main",
      "created_date": "2020-05-11T11:42:07.012",
      "updated_date": "2020-05-11T11:42:07.012",
      "product_details": []
    }
  },
  {
    "model": "ecom.images",
    "pk": 43,
    "fields": {
      "path": "ecom/dell_black.jpeg",
      "product": null,
      "status": true,
      "date": null,
      "type": "other",
      "created_date": "2020-05-11T12:01:58.073",
      "updated_date": "2020-05-11T12:01:58.073",
      "product_details": [
        52
      ]
    }
  },
  {
    "model": "ecom.images",
    "pk": 44,
    "fields": {
      "path": "ecom/hp_white.jpeg",
      "product": null,
      "status": true,
      "date": null,
      "type": "other",
      "created_date": "2020-05-12T11:29:39.014",
      "updated_date": "2020-05-12T11:29:39.014",
      "product_details": [
        54
      ]
    }
  },
  {
    "model": "ecom.images",
    "pk": 45,
    "fields": {
      "path": "ecom/watch_2.jpeg",
      "product": 99,
      "status": true,
      "date": null,
      "type": "main",
      "created_date": "2020-05-12T18:37:12.755",
      "updated_date": "2020-05-12T18:37:12.755",
      "product_details": []
    }
  },
  {
    "model": "ecom.images",
    "pk": 46,
    "fields": {
      "path": "ecom/watch_2.jpeg",
      "product": 99,
      "status": true,
      "date": null,
      "type": "main",
      "created_date": "2020-05-12T18:37:53.775",
      "updated_date": "2020-05-12T18:37:53.776",
      "product_details": []
    }
  },
  {
    "model": "ecom.images",
    "pk": 47,
    "fields": {
      "path": "ecom/watch_1.jpeg",
      "product": null,
      "status": true,
      "date": null,
      "type": "other",
      "created_date": "2020-05-12T18:41:27.652",
      "updated_date": "2020-05-12T18:41:27.652",
      "product_details": [
        56
      ]
    }
  },
  {
    "model": "ecom.images",
    "pk": 48,
    "fields": {
      "path": "ecom/watch_1.jpeg",
      "product": null,
      "status": true,
      "date": null,
      "type": "other",
      "created_date": "2020-05-13T14:29:10.638",
      "updated_date": "2020-05-13T14:29:10.638",
      "product_details": [
        57
      ]
    }
  },
  {
    "model": "ecom.images",
    "pk": 49,
    "fields": {
      "path": "ecom/watch_1.jpeg",
      "product": 97,
      "status": true,
      "date": null,
      "type": "main",
      "created_date": "2020-05-14T15:46:10.793",
      "updated_date": "2020-05-14T15:46:10.793",
      "product_details": []
    }
  },
  {
    "model": "ecom.images",
    "pk": 50,
    "fields": {
      "path": "ecom/watch_1.jpeg",
      "product": 97,
      "status": true,
      "date": null,
      "type": "main",
      "created_date": "2020-05-14T15:46:36.490",
      "updated_date": "2020-05-14T15:46:36.490",
      "product_details": []
    }
  },
  {
    "model": "ecom.images",
    "pk": 51,
    "fields": {
      "path": "ecom/watch_2.jpeg",
      "product": null,
      "status": true,
      "date": null,
      "type": "other",
      "created_date": "2020-05-18T13:49:20.203",
      "updated_date": "2020-05-18T13:49:20.203",
      "product_details": [
        59
      ]
    }
  },
  {
    "model": "ecom.images",
    "pk": 52,
    "fields": {
      "path": "ecom/watch_2.jpeg",
      "product": null,
      "status": true,
      "date": null,
      "type": "other",
      "created_date": "2020-05-18T13:54:47.739",
      "updated_date": "2020-05-18T13:54:47.739",
      "product_details": [
        60
      ]
    }
  },
  {
    "model": "ecom.images",
    "pk": 53,
    "fields": {
      "path": "ecom/earrings.jpeg",
      "product": 100,
      "status": true,
      "date": null,
      "type": "main",
      "created_date": "2020-05-28T09:32:36.398",
      "updated_date": "2020-05-28T09:32:36.398",
      "product_details": []
    }
  },
  {
    "model": "ecom.images",
    "pk": 54,
    "fields": {
      "path": "ecom/earrings_2.jpeg",
      "product": null,
      "status": true,
      "date": null,
      "type": "other",
      "created_date": "2020-05-28T09:33:23.840",
      "updated_date": "2020-05-28T09:33:23.841",
      "product_details": [
        61
      ]
    }
  },
  {
    "model": "ecom.images",
    "pk": 55,
    "fields": {
      "path": "ecom/paragon_sandal.png",
      "product": 101,
      "status": true,
      "date": null,
      "type": "main",
      "created_date": "2020-06-18T15:03:43.704",
      "updated_date": "2020-06-18T15:03:43.704",
      "product_details": []
    }
  },
  {
    "model": "ecom.images",
    "pk": 56,
    "fields": {
      "path": "ecom/paragon_sandal.png",
      "product": null,
      "status": true,
      "date": null,
      "type": "other",
      "created_date": "2020-06-18T15:05:07.434",
      "updated_date": "2020-06-18T15:05:07.434",
      "product_details": [
        62
      ]
    }
  },
  {
    "model": "ecom.images",
    "pk": 57,
    "fields": {
      "path": "ecom/paragon_sandal.png",
      "product": 101,
      "status": true,
      "date": null,
      "type": "main",
      "created_date": "2020-06-18T15:30:49.084",
      "updated_date": "2020-06-18T15:30:49.084",
      "product_details": []
    }
  },
  {
    "model": "ecom.images",
    "pk": 58,
    "fields": {
      "path": "ecom/paragon_sandal.png",
      "product": 101,
      "status": true,
      "date": null,
      "type": "main",
      "created_date": "2020-06-18T15:31:11.951",
      "updated_date": "2020-06-18T15:31:11.951",
      "product_details": []
    }
  },
  {
    "model": "ecom.images",
    "pk": 59,
    "fields": {
      "path": "ecom/paragon_sandal.png",
      "product": 101,
      "status": true,
      "date": null,
      "type": "main",
      "created_date": "2020-06-18T15:33:07.448",
      "updated_date": "2020-06-18T15:33:07.449",
      "product_details": []
    }
  },
  {
    "model": "ecom.images",
    "pk": 60,
    "fields": {
      "path": "ecom/paragon_sandal.png",
      "product": 102,
      "status": true,
      "date": null,
      "type": "main",
      "created_date": "2020-06-19T12:00:30.100",
      "updated_date": "2020-06-19T12:00:30.100",
      "product_details": []
    }
  },
  {
    "model": "ecom.images",
    "pk": 61,
    "fields": {
      "path": "ecom/watch_1.jpeg",
      "product": 103,
      "status": true,
      "date": null,
      "type": "main",
      "created_date": "2020-06-19T12:12:28.285",
      "updated_date": "2020-06-19T12:12:28.285",
      "product_details": []
    }
  },
  {
    "model": "ecom.images",
    "pk": 62,
    "fields": {
      "path": "ecom/paragon_sandal.png",
      "product": 104,
      "status": true,
      "date": null,
      "type": "main",
      "created_date": "2020-06-19T12:13:52.083",
      "updated_date": "2020-06-19T12:13:52.083",
      "product_details": []
    }
  },
  {
    "model": "ecom.images",
    "pk": 63,
    "fields": {
      "path": "ecom/paragon_sandal.png",
      "product": 105,
      "status": true,
      "date": null,
      "type": "main",
      "created_date": "2020-06-19T12:16:25.267",
      "updated_date": "2020-06-19T12:16:25.267",
      "product_details": []
    }
  },
  {
    "model": "ecom.images",
    "pk": 64,
    "fields": {
      "path": "ecom/paragon_sandal.png",
      "product": 106,
      "status": true,
      "date": null,
      "type": "main",
      "created_date": "2020-06-19T12:18:02.701",
      "updated_date": "2020-06-19T12:18:02.701",
      "product_details": []
    }
  },
  {
    "model": "ecom.images",
    "pk": 65,
    "fields": {
      "path": "ecom/paragon_sandal.png",
      "product": 107,
      "status": true,
      "date": null,
      "type": "main",
      "created_date": "2020-06-19T12:26:55.544",
      "updated_date": "2020-06-19T12:26:55.544",
      "product_details": []
    }
  },
  {
    "model": "ecom.images",
    "pk": 66,
    "fields": {
      "path": "ecom/paragon_sandal.png",
      "product": 108,
      "status": true,
      "date": null,
      "type": "main",
      "created_date": "2020-06-19T12:36:41.544",
      "updated_date": "2020-06-19T12:36:41.544",
      "product_details": []
    }
  },
  {
    "model": "ecom.images",
    "pk": 67,
    "fields": {
      "path": "ecom/paragon_sandal.png",
      "product": 109,
      "status": true,
      "date": null,
      "type": "main",
      "created_date": "2020-06-19T12:38:27.052",
      "updated_date": "2020-06-19T12:38:27.052",
      "product_details": []
    }
  },
  {
    "model": "ecom.images",
    "pk": 68,
    "fields": {
      "path": "ecom/paragon_sandal.png",
      "product": 110,
      "status": true,
      "date": null,
      "type": "main",
      "created_date": "2020-06-19T12:39:11.783",
      "updated_date": "2020-06-19T12:39:11.783",
      "product_details": []
    }
  },
  {
    "model": "ecom.images",
    "pk": 69,
    "fields": {
      "path": "ecom/paragon_sandal.png",
      "product": 111,
      "status": true,
      "date": null,
      "type": "main",
      "created_date": "2020-06-19T12:39:56.680",
      "updated_date": "2020-06-19T12:39:56.680",
      "product_details": []
    }
  },
  {
    "model": "ecom.images",
    "pk": 70,
    "fields": {
      "path": "ecom/paragon_sandal.png",
      "product": 112,
      "status": true,
      "date": null,
      "type": "main",
      "created_date": "2020-06-19T12:46:08.040",
      "updated_date": "2020-06-19T12:46:08.041",
      "product_details": []
    }
  },
  {
    "model": "ecom.images",
    "pk": 71,
    "fields": {
      "path": "ecom/paragon_sandal.png",
      "product": null,
      "status": true,
      "date": null,
      "type": "other",
      "created_date": "2020-06-19T13:51:17.023",
      "updated_date": "2020-06-19T13:51:17.023",
      "product_details": [
        65
      ]
    }
  },
  {
    "model": "ecom.orderlocation",
    "pk": 1,
    "fields": {
      "altitude": null,
      "latitude": null,
      "longitude": null,
      "address": "",
      "city": "nanded",
      "taluka": "naigaon",
      "state": "maharashtra",
      "pin_code": "431722",
      "date": "2020-04-13T13:23:01.050",
      "created_date": "2020-04-13T13:23:01.051",
      "updated_date": "2020-04-13T13:23:01.051"
    }
  },
  {
    "model": "ecom.orderlocation",
    "pk": 4,
    "fields": {
      "altitude": null,
      "latitude": null,
      "longitude": null,
      "address": "",
      "city": "beed",
      "taluka": "ambajgoai",
      "state": "maharashtra",
      "pin_code": "431517",
      "date": "2020-04-13T17:46:57.856",
      "created_date": "2020-04-13T17:46:57.856",
      "updated_date": "2020-04-13T17:46:57.856"
    }
  },
  {
    "model": "ecom.orderlocation",
    "pk": 5,
    "fields": {
      "altitude": null,
      "latitude": null,
      "longitude": null,
      "address": "",
      "city": "parbhani",
      "taluka": "sonpeth",
      "state": "maharashtra",
      "pin_code": "431516",
      "date": "2020-04-14T09:04:12.539",
      "created_date": "2020-04-14T09:04:12.540",
      "updated_date": "2020-04-14T09:04:12.540"
    }
  },
  {
    "model": "ecom.orderlocation",
    "pk": 6,
    "fields": {
      "altitude": null,
      "latitude": null,
      "longitude": null,
      "address": "",
      "city": "nanded",
      "taluka": "naigaon",
      "state": "maharashtra",
      "pin_code": "431722",
      "date": "2020-05-15T12:14:33.651",
      "created_date": "2020-05-15T12:14:33.652",
      "updated_date": "2020-05-15T12:14:33.652"
    }
  },
  {
    "model": "ecom.orderlocation",
    "pk": 7,
    "fields": {
      "altitude": null,
      "latitude": null,
      "longitude": null,
      "address": "",
      "city": "nanded",
      "taluka": "naigaon",
      "state": "maharashtra",
      "pin_code": "431722",
      "date": "2020-05-25T12:44:19.286",
      "created_date": "2020-05-25T12:44:19.287",
      "updated_date": "2020-05-25T12:44:19.287"
    }
  },
  {
    "model": "ecom.orderlocation",
    "pk": 8,
    "fields": {
      "altitude": null,
      "latitude": null,
      "longitude": null,
      "address": "",
      "city": "nanded",
      "taluka": "naigaon",
      "state": "maharashtra",
      "pin_code": "431722",
      "date": "2020-05-25T13:06:13.157",
      "created_date": "2020-05-25T13:06:13.158",
      "updated_date": "2020-05-25T13:06:13.158"
    }
  },
  {
    "model": "ecom.orderlocation",
    "pk": 9,
    "fields": {
      "altitude": null,
      "latitude": null,
      "longitude": null,
      "address": "",
      "city": "nanded",
      "taluka": "naigaon",
      "state": "maharashtra",
      "pin_code": "431722",
      "date": "2020-05-25T13:09:43.792",
      "created_date": "2020-05-25T13:09:43.793",
      "updated_date": "2020-05-25T13:09:43.793"
    }
  },
  {
    "model": "ecom.orderlocation",
    "pk": 10,
    "fields": {
      "altitude": null,
      "latitude": null,
      "longitude": null,
      "address": "",
      "city": "nanded",
      "taluka": "naigaon",
      "state": "maharashtra",
      "pin_code": "431722",
      "date": "2020-05-25T13:12:51.217",
      "created_date": "2020-05-25T13:12:51.218",
      "updated_date": "2020-05-25T13:12:51.218"
    }
  },
  {
    "model": "ecom.orderlocation",
    "pk": 11,
    "fields": {
      "altitude": null,
      "latitude": null,
      "longitude": null,
      "address": "",
      "city": "nanded",
      "taluka": "naigaon",
      "state": "maharashtra",
      "pin_code": "431722",
      "date": "2020-05-25T13:48:31.033",
      "created_date": "2020-05-25T13:48:31.033",
      "updated_date": "2020-05-25T13:48:31.033"
    }
  },
  {
    "model": "ecom.orderlocation",
    "pk": 12,
    "fields": {
      "altitude": null,
      "latitude": null,
      "longitude": null,
      "address": "",
      "city": "nanded",
      "taluka": "naigaon",
      "state": "maharashtra",
      "pin_code": "431722",
      "date": "2020-05-25T13:53:17.088",
      "created_date": "2020-05-25T13:53:17.088",
      "updated_date": "2020-05-25T13:53:17.088"
    }
  },
  {
    "model": "ecom.orderlocation",
    "pk": 13,
    "fields": {
      "altitude": null,
      "latitude": null,
      "longitude": null,
      "address": "",
      "city": "nanded",
      "taluka": "naigaon",
      "state": "maharashtra",
      "pin_code": "431722",
      "date": "2020-05-25T13:54:36.636",
      "created_date": "2020-05-25T13:54:36.636",
      "updated_date": "2020-05-25T13:54:36.636"
    }
  },
  {
    "model": "ecom.orderlocation",
    "pk": 14,
    "fields": {
      "altitude": null,
      "latitude": null,
      "longitude": null,
      "address": "",
      "city": "nanded",
      "taluka": "naigaon",
      "state": "maharashtra",
      "pin_code": "431722",
      "date": "2020-05-25T13:57:42.061",
      "created_date": "2020-05-25T13:57:42.062",
      "updated_date": "2020-05-25T13:57:42.062"
    }
  },
  {
    "model": "ecom.orderlocation",
    "pk": 15,
    "fields": {
      "altitude": null,
      "latitude": null,
      "longitude": null,
      "address": "",
      "city": "nanded",
      "taluka": "naigaon",
      "state": "maharashtra",
      "pin_code": "431722",
      "date": "2020-05-25T13:58:55.324",
      "created_date": "2020-05-25T13:58:55.324",
      "updated_date": "2020-05-25T13:58:55.324"
    }
  },
  {
    "model": "ecom.orderlocation",
    "pk": 16,
    "fields": {
      "altitude": null,
      "latitude": null,
      "longitude": null,
      "address": "",
      "city": "pune",
      "taluka": "pune",
      "state": "maharashtra",
      "pin_code": "411014",
      "date": "2020-05-27T11:17:44.793",
      "created_date": "2020-05-27T11:17:44.794",
      "updated_date": "2020-05-27T11:17:44.794"
    }
  },
  {
    "model": "ecom.orderlocation",
    "pk": 17,
    "fields": {
      "altitude": null,
      "latitude": null,
      "longitude": null,
      "address": "",
      "city": "pune",
      "taluka": "pune",
      "state": "maharashtra",
      "pin_code": "411014",
      "date": "2020-05-27T11:21:57.481",
      "created_date": "2020-05-27T11:21:57.482",
      "updated_date": "2020-05-27T11:21:57.482"
    }
  },
  {
    "model": "ecom.orderlocation",
    "pk": 18,
    "fields": {
      "altitude": null,
      "latitude": null,
      "longitude": null,
      "address": "",
      "city": "pune",
      "taluka": "pune",
      "state": "maharashtra",
      "pin_code": "411014",
      "date": "2020-05-27T11:26:51.594",
      "created_date": "2020-05-27T11:26:51.595",
      "updated_date": "2020-05-27T11:26:51.595"
    }
  },
  {
    "model": "ecom.orderlocation",
    "pk": 19,
    "fields": {
      "altitude": null,
      "latitude": null,
      "longitude": null,
      "address": "",
      "city": "pune",
      "taluka": "pune",
      "state": "maharashtra",
      "pin_code": "411014",
      "date": "2020-05-27T11:30:43.279",
      "created_date": "2020-05-27T11:30:43.280",
      "updated_date": "2020-05-27T11:30:43.280"
    }
  },
  {
    "model": "ecom.orderstatus",
    "pk": 1,
    "fields": {
      "order": 1,
      "status": "accepted",
      "date": "2020-04-11T11:17:25.140",
      "created_date": "2020-04-11T11:17:25.180",
      "updated_date": "2020-04-11T11:17:25.180",
      "Location": []
    }
  },
  {
    "model": "ecom.orderstatus",
    "pk": 2,
    "fields": {
      "order": 1,
      "status": "packing",
      "date": "2020-04-11T11:19:16.471",
      "created_date": "2020-04-11T11:19:16.539",
      "updated_date": "2020-04-11T11:19:16.539",
      "Location": []
    }
  },
  {
    "model": "ecom.orderstatus",
    "pk": 3,
    "fields": {
      "order": 1,
      "status": "shipped",
      "date": "2020-04-11T11:22:55.273",
      "created_date": "2020-04-11T11:22:55.337",
      "updated_date": "2020-04-11T11:22:55.337",
      "Location": [
        4
      ]
    }
  },
  {
    "model": "ecom.orderstatus",
    "pk": 4,
    "fields": {
      "order": 1,
      "status": "rejected",
      "date": "2020-04-11T11:24:54.402",
      "created_date": "2020-04-11T11:24:54.456",
      "updated_date": "2020-04-11T11:24:54.456",
      "Location": []
    }
  },
  {
    "model": "ecom.orderstatus",
    "pk": 5,
    "fields": {
      "order": 1,
      "status": "rejected",
      "date": "2020-04-11T12:10:44.074",
      "created_date": "2020-04-11T12:10:44.150",
      "updated_date": "2020-04-11T12:10:44.150",
      "Location": []
    }
  },
  {
    "model": "ecom.orderstatus",
    "pk": 6,
    "fields": {
      "order": 1,
      "status": "accepted",
      "date": "2020-04-13T10:07:18.186",
      "created_date": "2020-04-13T10:07:18.383",
      "updated_date": "2020-04-13T10:07:18.383",
      "Location": []
    }
  },
  {
    "model": "ecom.orderstatus",
    "pk": 7,
    "fields": {
      "order": 1,
      "status": "accepted",
      "date": "2020-04-13T10:09:38.902",
      "created_date": "2020-04-13T10:09:38.988",
      "updated_date": "2020-04-13T10:09:38.988",
      "Location": []
    }
  },
  {
    "model": "ecom.orderstatus",
    "pk": 8,
    "fields": {
      "order": 1,
      "status": "accepted",
      "date": "2020-04-13T11:50:19.658",
      "created_date": "2020-04-13T11:50:19.689",
      "updated_date": "2020-04-13T11:50:19.689",
      "Location": []
    }
  },
  {
    "model": "ecom.orderstatus",
    "pk": 9,
    "fields": {
      "order": 1,
      "status": "shipped",
      "date": "2020-04-13T13:20:38.213",
      "created_date": "2020-04-13T13:20:38.327",
      "updated_date": "2020-04-13T13:20:38.327",
      "Location": []
    }
  },
  {
    "model": "ecom.orderstatus",
    "pk": 10,
    "fields": {
      "order": 1,
      "status": "shipped",
      "date": "2020-04-13T13:23:00.820",
      "created_date": "2020-04-13T13:23:01.206",
      "updated_date": "2020-04-13T13:23:01.206",
      "Location": []
    }
  },
  {
    "model": "ecom.orderstatus",
    "pk": 11,
    "fields": {
      "order": 1,
      "status": "shipped",
      "date": "2020-04-13T13:25:50.382",
      "created_date": "2020-04-13T13:25:50.444",
      "updated_date": "2020-04-13T13:25:50.444",
      "Location": []
    }
  },
  {
    "model": "ecom.orderstatus",
    "pk": 12,
    "fields": {
      "order": 1,
      "status": "shipped",
      "date": "2020-04-13T13:27:30.183",
      "created_date": "2020-04-13T13:27:30.258",
      "updated_date": "2020-04-13T13:27:30.258",
      "Location": []
    }
  },
  {
    "model": "ecom.orderstatus",
    "pk": 13,
    "fields": {
      "order": 1,
      "status": "shipped",
      "date": "2020-04-13T13:30:54.849",
      "created_date": "2020-04-13T13:30:54.946",
      "updated_date": "2020-04-13T13:30:54.946",
      "Location": []
    }
  },
  {
    "model": "ecom.orderstatus",
    "pk": 14,
    "fields": {
      "order": 1,
      "status": "shipped",
      "date": "2020-04-13T13:34:32.934",
      "created_date": "2020-04-13T13:34:33.020",
      "updated_date": "2020-04-13T13:34:33.020",
      "Location": []
    }
  },
  {
    "model": "ecom.orderstatus",
    "pk": 15,
    "fields": {
      "order": 1,
      "status": "shipped",
      "date": "2020-04-13T13:41:13.675",
      "created_date": "2020-04-13T13:41:13.751",
      "updated_date": "2020-04-13T13:41:13.751",
      "Location": []
    }
  },
  {
    "model": "ecom.orderstatus",
    "pk": 16,
    "fields": {
      "order": 1,
      "status": "shipped",
      "date": "2020-04-13T13:42:34.111",
      "created_date": "2020-04-13T13:42:34.172",
      "updated_date": "2020-04-13T13:42:34.172",
      "Location": [
        1
      ]
    }
  },
  {
    "model": "ecom.orderstatus",
    "pk": 17,
    "fields": {
      "order": 1,
      "status": "packing",
      "date": "2020-04-13T14:21:04.360",
      "created_date": "2020-04-13T14:21:04.430",
      "updated_date": "2020-04-13T14:21:04.430",
      "Location": []
    }
  },
  {
    "model": "ecom.orderstatus",
    "pk": 18,
    "fields": {
      "order": 1,
      "status": "shipped",
      "date": "2020-04-13T16:09:23.209",
      "created_date": "2020-04-13T16:09:23.295",
      "updated_date": "2020-04-13T16:09:23.295",
      "Location": [
        1
      ]
    }
  },
  {
    "model": "ecom.orderstatus",
    "pk": 19,
    "fields": {
      "order": 1,
      "status": "pending",
      "date": "2020-04-13T17:36:06.301",
      "created_date": "2020-04-13T17:36:06.538",
      "updated_date": "2020-04-13T17:36:06.538",
      "Location": [
        1
      ]
    }
  },
  {
    "model": "ecom.orderstatus",
    "pk": 20,
    "fields": {
      "order": 1,
      "status": "shipped",
      "date": "2020-04-13T17:36:29.857",
      "created_date": "2020-04-13T17:36:29.913",
      "updated_date": "2020-04-13T17:36:29.913",
      "Location": [
        1
      ]
    }
  },
  {
    "model": "ecom.orderstatus",
    "pk": 21,
    "fields": {
      "order": 1,
      "status": "pending",
      "date": "2020-04-14T09:02:15.121",
      "created_date": "2020-04-14T09:02:15.234",
      "updated_date": "2020-04-14T09:02:15.234",
      "Location": [
        4
      ]
    }
  },
  {
    "model": "ecom.orderstatus",
    "pk": 22,
    "fields": {
      "order": 1,
      "status": "accepted",
      "date": "2020-04-14T09:04:12.398",
      "created_date": "2020-04-14T09:04:12.495",
      "updated_date": "2020-04-14T09:04:12.495",
      "Location": [
        5
      ]
    }
  },
  {
    "model": "ecom.orderstatus",
    "pk": 23,
    "fields": {
      "order": 55,
      "status": "return",
      "date": null,
      "created_date": "2020-04-14T13:21:59.289",
      "updated_date": "2020-04-14T13:21:59.289",
      "Location": []
    }
  },
  {
    "model": "ecom.orderstatus",
    "pk": 24,
    "fields": {
      "order": 56,
      "status": "return",
      "date": null,
      "created_date": "2020-04-14T13:21:59.314",
      "updated_date": "2020-04-14T13:21:59.314",
      "Location": []
    }
  },
  {
    "model": "ecom.orderstatus",
    "pk": 25,
    "fields": {
      "order": 55,
      "status": "return",
      "date": null,
      "created_date": "2020-04-14T16:51:25.256",
      "updated_date": "2020-04-14T16:51:25.256",
      "Location": []
    }
  },
  {
    "model": "ecom.orderstatus",
    "pk": 26,
    "fields": {
      "order": 56,
      "status": "return",
      "date": null,
      "created_date": "2020-04-14T16:51:25.281",
      "updated_date": "2020-04-14T16:51:25.281",
      "Location": []
    }
  },
  {
    "model": "ecom.orderstatus",
    "pk": 27,
    "fields": {
      "order": 55,
      "status": "return",
      "date": null,
      "created_date": "2020-04-14T17:35:18.716",
      "updated_date": "2020-04-14T17:35:18.716",
      "Location": []
    }
  },
  {
    "model": "ecom.orderstatus",
    "pk": 28,
    "fields": {
      "order": 56,
      "status": "return",
      "date": null,
      "created_date": "2020-04-14T17:35:18.739",
      "updated_date": "2020-04-14T17:35:18.739",
      "Location": []
    }
  },
  {
    "model": "ecom.orderstatus",
    "pk": 29,
    "fields": {
      "order": 55,
      "status": "return",
      "date": null,
      "created_date": "2020-04-14T17:38:09.215",
      "updated_date": "2020-04-14T17:38:09.216",
      "Location": []
    }
  },
  {
    "model": "ecom.orderstatus",
    "pk": 30,
    "fields": {
      "order": 56,
      "status": "return",
      "date": null,
      "created_date": "2020-04-14T17:38:09.240",
      "updated_date": "2020-04-14T17:38:09.240",
      "Location": []
    }
  },
  {
    "model": "ecom.orderstatus",
    "pk": 31,
    "fields": {
      "order": 55,
      "status": "return",
      "date": null,
      "created_date": "2020-04-14T17:38:33.361",
      "updated_date": "2020-04-14T17:38:33.361",
      "Location": []
    }
  },
  {
    "model": "ecom.orderstatus",
    "pk": 32,
    "fields": {
      "order": 56,
      "status": "return",
      "date": null,
      "created_date": "2020-04-14T17:38:33.444",
      "updated_date": "2020-04-14T17:38:33.444",
      "Location": []
    }
  },
  {
    "model": "ecom.orderstatus",
    "pk": 33,
    "fields": {
      "order": 55,
      "status": "return",
      "date": null,
      "created_date": "2020-04-14T17:39:30.320",
      "updated_date": "2020-04-14T17:39:30.320",
      "Location": []
    }
  },
  {
    "model": "ecom.orderstatus",
    "pk": 34,
    "fields": {
      "order": 56,
      "status": "return",
      "date": null,
      "created_date": "2020-04-14T17:39:30.345",
      "updated_date": "2020-04-14T17:39:30.345",
      "Location": []
    }
  },
  {
    "model": "ecom.orderstatus",
    "pk": 35,
    "fields": {
      "order": 55,
      "status": "return",
      "date": "2020-04-14T17:40:36.649",
      "created_date": "2020-04-14T17:40:36.690",
      "updated_date": "2020-04-14T17:40:36.690",
      "Location": []
    }
  },
  {
    "model": "ecom.orderstatus",
    "pk": 36,
    "fields": {
      "order": 56,
      "status": "return",
      "date": "2020-04-14T17:40:36.649",
      "created_date": "2020-04-14T17:40:36.715",
      "updated_date": "2020-04-14T17:40:36.715",
      "Location": []
    }
  },
  {
    "model": "ecom.orderstatus",
    "pk": 37,
    "fields": {
      "order": 55,
      "status": "return",
      "date": "2020-04-14T17:55:29",
      "created_date": "2020-04-14T17:55:29.042",
      "updated_date": "2020-04-14T17:55:29.042",
      "Location": []
    }
  },
  {
    "model": "ecom.orderstatus",
    "pk": 38,
    "fields": {
      "order": 56,
      "status": "return",
      "date": "2020-04-14T17:55:29",
      "created_date": "2020-04-14T17:55:29.066",
      "updated_date": "2020-04-14T17:55:29.066",
      "Location": []
    }
  },
  {
    "model": "ecom.orderstatus",
    "pk": 39,
    "fields": {
      "order": 55,
      "status": "return",
      "date": "2020-04-15T12:22:22.006",
      "created_date": "2020-04-15T12:22:22.099",
      "updated_date": "2020-04-15T12:22:22.099",
      "Location": []
    }
  },
  {
    "model": "ecom.orderstatus",
    "pk": 40,
    "fields": {
      "order": 56,
      "status": "return",
      "date": "2020-04-15T12:22:22.006",
      "created_date": "2020-04-15T12:22:22.239",
      "updated_date": "2020-04-15T12:22:22.240",
      "Location": []
    }
  },
  {
    "model": "ecom.orderstatus",
    "pk": 41,
    "fields": {
      "order": 55,
      "status": "cancelled",
      "date": "2020-04-15T12:42:37.408",
      "created_date": "2020-04-15T12:42:37.533",
      "updated_date": "2020-04-15T12:42:37.533",
      "Location": []
    }
  },
  {
    "model": "ecom.orderstatus",
    "pk": 42,
    "fields": {
      "order": 56,
      "status": "cancelled",
      "date": "2020-04-15T12:42:37.408",
      "created_date": "2020-04-15T12:42:37.561",
      "updated_date": "2020-04-15T12:42:37.561",
      "Location": []
    }
  },
  {
    "model": "ecom.orderstatus",
    "pk": 43,
    "fields": {
      "order": 89,
      "status": "pending",
      "date": "2020-05-15T12:14:33.380",
      "created_date": "2020-05-15T12:14:33.443",
      "updated_date": "2020-05-15T12:14:33.443",
      "Location": [
        6
      ]
    }
  },
  {
    "model": "ecom.orderstatus",
    "pk": 44,
    "fields": {
      "order": 71,
      "status": "shipped",
      "date": "2020-05-25T12:44:18.970",
      "created_date": "2020-05-25T12:44:19.061",
      "updated_date": "2020-05-25T12:44:19.061",
      "Location": [
        7
      ]
    }
  },
  {
    "model": "ecom.orderstatus",
    "pk": 45,
    "fields": {
      "order": 69,
      "status": "shipped",
      "date": "2020-05-25T13:06:13.043",
      "created_date": "2020-05-25T13:06:13.120",
      "updated_date": "2020-05-25T13:06:13.120",
      "Location": [
        8,
        9,
        10,
        11,
        12,
        13
      ]
    }
  },
  {
    "model": "ecom.orderstatus",
    "pk": 46,
    "fields": {
      "order": 69,
      "status": "accepted",
      "date": "2020-05-25T13:57:41.958",
      "created_date": "2020-05-25T13:57:42.041",
      "updated_date": "2020-05-25T13:57:42.041",
      "Location": [
        14
      ]
    }
  },
  {
    "model": "ecom.orderstatus",
    "pk": 47,
    "fields": {
      "order": 69,
      "status": "shipped",
      "date": "2020-05-25T13:58:55.221",
      "created_date": "2020-05-25T13:58:55.304",
      "updated_date": "2020-05-25T13:58:55.304",
      "Location": [
        15
      ]
    }
  },
  {
    "model": "ecom.orderstatus",
    "pk": 48,
    "fields": {
      "order": 67,
      "status": "shipped",
      "date": "2020-05-27T11:17:44.608",
      "created_date": "2020-05-27T11:17:44.657",
      "updated_date": "2020-05-27T11:17:44.657",
      "Location": [
        16
      ]
    }
  },
  {
    "model": "ecom.orderstatus",
    "pk": 49,
    "fields": {
      "order": 65,
      "status": "shipped",
      "date": "2020-05-27T11:21:57.341",
      "created_date": "2020-05-27T11:21:57.448",
      "updated_date": "2020-05-27T11:21:57.448",
      "Location": [
        17
      ]
    }
  },
  {
    "model": "ecom.orderstatus",
    "pk": 50,
    "fields": {
      "order": 89,
      "status": "shipped",
      "date": "2020-05-27T11:26:51.486",
      "created_date": "2020-05-27T11:26:51.554",
      "updated_date": "2020-05-27T11:26:51.554",
      "Location": [
        18
      ]
    }
  },
  {
    "model": "ecom.orderstatus",
    "pk": 51,
    "fields": {
      "order": 87,
      "status": "shipped",
      "date": "2020-05-27T11:30:43.197",
      "created_date": "2020-05-27T11:30:43.238",
      "updated_date": "2020-05-27T11:30:43.238",
      "Location": [
        19
      ]
    }
  },
  {
    "model": "ecom.selleramount",
    "pk": 1,
    "fields": {
      "type": "dispached",
      "total_amount": 1000.0,
      "paid_amount": 500.0,
      "is_full_amount_paid": true,
      "created_date": "2020-04-23T18:36:06.993",
      "updated_date": "2020-04-23T18:36:06.993",
      "order": [
        55
      ]
    }
  },
  {
    "model": "ecom.selleramount",
    "pk": 2,
    "fields": {
      "type": "delivered",
      "total_amount": 1000.0,
      "paid_amount": 500.0,
      "is_full_amount_paid": true,
      "created_date": "2020-04-23T18:36:06.993",
      "updated_date": "2020-04-23T18:36:06.993",
      "order": [
        55
      ]
    }
  },
  {
    "model": "ecom.selleramount",
    "pk": 3,
    "fields": {
      "type": "dispatched",
      "total_amount": 200.0,
      "paid_amount": 0.0,
      "is_full_amount_paid": false,
      "created_date": "2020-05-02T13:02:53.128",
      "updated_date": "2020-05-02T13:02:53.128",
      "order": []
    }
  },
  {
    "model": "ecom.selleramount",
    "pk": 4,
    "fields": {
      "type": "dispatched",
      "total_amount": 200.0,
      "paid_amount": 0.0,
      "is_full_amount_paid": false,
      "created_date": "2020-05-02T13:02:55.600",
      "updated_date": "2020-05-02T13:02:55.600",
      "order": []
    }
  },
  {
    "model": "ecom.logisticorder",
    "pk": 1,
    "fields": {
      "order": 1,
      "waybill_no": "794606953749",
      "refnum": "UNI205151147327775-ORD205151147323313",
      "remark": "",
      "logistics": "fedex",
      "status": "success",
      "order_data_text": "",
      "order_mode": "Delivery",
      "created_date": "2020-05-25T16:24:42.417",
      "updated_date": "2020-05-25T16:24:42.417"
    }
  },
  {
    "model": "ecom.logisticorder",
    "pk": 2,
    "fields": {
      "order": 87,
      "waybill_no": "1333110008956",
      "refnum": "UNI2051511443368-ORD205151144333521",
      "remark": "",
      "logistics": "delhivery",
      "status": "success",
      "order_data_text": "",
      "order_mode": "Reverse",
      "created_date": "2020-05-27T11:31:02.032",
      "updated_date": "2020-05-27T11:31:02.032"
    }
  },
  {
    "model": "auth.permission",
    "pk": 1,
    "fields": {
      "name": "Can add log entry",
      "content_type": 1,
      "codename": "add_logentry"
    }
  },
  {
    "model": "auth.permission",
    "pk": 2,
    "fields": {
      "name": "Can change log entry",
      "content_type": 1,
      "codename": "change_logentry"
    }
  },
  {
    "model": "auth.permission",
    "pk": 3,
    "fields": {
      "name": "Can delete log entry",
      "content_type": 1,
      "codename": "delete_logentry"
    }
  },
  {
    "model": "auth.permission",
    "pk": 4,
    "fields": {
      "name": "Can view log entry",
      "content_type": 1,
      "codename": "view_logentry"
    }
  },
  {
    "model": "auth.permission",
    "pk": 5,
    "fields": {
      "name": "Can add site",
      "content_type": 2,
      "codename": "add_site"
    }
  },
  {
    "model": "auth.permission",
    "pk": 6,
    "fields": {
      "name": "Can change site",
      "content_type": 2,
      "codename": "change_site"
    }
  },
  {
    "model": "auth.permission",
    "pk": 7,
    "fields": {
      "name": "Can delete site",
      "content_type": 2,
      "codename": "delete_site"
    }
  },
  {
    "model": "auth.permission",
    "pk": 8,
    "fields": {
      "name": "Can view site",
      "content_type": 2,
      "codename": "view_site"
    }
  },
  {
    "model": "auth.permission",
    "pk": 9,
    "fields": {
      "name": "Can add permission",
      "content_type": 3,
      "codename": "add_permission"
    }
  },
  {
    "model": "auth.permission",
    "pk": 10,
    "fields": {
      "name": "Can change permission",
      "content_type": 3,
      "codename": "change_permission"
    }
  },
  {
    "model": "auth.permission",
    "pk": 11,
    "fields": {
      "name": "Can delete permission",
      "content_type": 3,
      "codename": "delete_permission"
    }
  },
  {
    "model": "auth.permission",
    "pk": 12,
    "fields": {
      "name": "Can view permission",
      "content_type": 3,
      "codename": "view_permission"
    }
  },
  {
    "model": "auth.permission",
    "pk": 13,
    "fields": {
      "name": "Can add group",
      "content_type": 4,
      "codename": "add_group"
    }
  },
  {
    "model": "auth.permission",
    "pk": 14,
    "fields": {
      "name": "Can change group",
      "content_type": 4,
      "codename": "change_group"
    }
  },
  {
    "model": "auth.permission",
    "pk": 15,
    "fields": {
      "name": "Can delete group",
      "content_type": 4,
      "codename": "delete_group"
    }
  },
  {
    "model": "auth.permission",
    "pk": 16,
    "fields": {
      "name": "Can view group",
      "content_type": 4,
      "codename": "view_group"
    }
  },
  {
    "model": "auth.permission",
    "pk": 17,
    "fields": {
      "name": "Can add user",
      "content_type": 5,
      "codename": "add_user"
    }
  },
  {
    "model": "auth.permission",
    "pk": 18,
    "fields": {
      "name": "Can change user",
      "content_type": 5,
      "codename": "change_user"
    }
  },
  {
    "model": "auth.permission",
    "pk": 19,
    "fields": {
      "name": "Can delete user",
      "content_type": 5,
      "codename": "delete_user"
    }
  },
  {
    "model": "auth.permission",
    "pk": 20,
    "fields": {
      "name": "Can view user",
      "content_type": 5,
      "codename": "view_user"
    }
  },
  {
    "model": "auth.permission",
    "pk": 21,
    "fields": {
      "name": "Can add content type",
      "content_type": 6,
      "codename": "add_contenttype"
    }
  },
  {
    "model": "auth.permission",
    "pk": 22,
    "fields": {
      "name": "Can change content type",
      "content_type": 6,
      "codename": "change_contenttype"
    }
  },
  {
    "model": "auth.permission",
    "pk": 23,
    "fields": {
      "name": "Can delete content type",
      "content_type": 6,
      "codename": "delete_contenttype"
    }
  },
  {
    "model": "auth.permission",
    "pk": 24,
    "fields": {
      "name": "Can view content type",
      "content_type": 6,
      "codename": "view_contenttype"
    }
  },
  {
    "model": "auth.permission",
    "pk": 25,
    "fields": {
      "name": "Can add session",
      "content_type": 7,
      "codename": "add_session"
    }
  },
  {
    "model": "auth.permission",
    "pk": 26,
    "fields": {
      "name": "Can change session",
      "content_type": 7,
      "codename": "change_session"
    }
  },
  {
    "model": "auth.permission",
    "pk": 27,
    "fields": {
      "name": "Can delete session",
      "content_type": 7,
      "codename": "delete_session"
    }
  },
  {
    "model": "auth.permission",
    "pk": 28,
    "fields": {
      "name": "Can view session",
      "content_type": 7,
      "codename": "view_session"
    }
  },
  {
    "model": "auth.permission",
    "pk": 29,
    "fields": {
      "name": "Can add Token",
      "content_type": 8,
      "codename": "add_token"
    }
  },
  {
    "model": "auth.permission",
    "pk": 30,
    "fields": {
      "name": "Can change Token",
      "content_type": 8,
      "codename": "change_token"
    }
  },
  {
    "model": "auth.permission",
    "pk": 31,
    "fields": {
      "name": "Can delete Token",
      "content_type": 8,
      "codename": "delete_token"
    }
  },
  {
    "model": "auth.permission",
    "pk": 32,
    "fields": {
      "name": "Can view Token",
      "content_type": 8,
      "codename": "view_token"
    }
  },
  {
    "model": "auth.permission",
    "pk": 33,
    "fields": {
      "name": "Can add FCM device",
      "content_type": 9,
      "codename": "add_fcmdevice"
    }
  },
  {
    "model": "auth.permission",
    "pk": 34,
    "fields": {
      "name": "Can change FCM device",
      "content_type": 9,
      "codename": "change_fcmdevice"
    }
  },
  {
    "model": "auth.permission",
    "pk": 35,
    "fields": {
      "name": "Can delete FCM device",
      "content_type": 9,
      "codename": "delete_fcmdevice"
    }
  },
  {
    "model": "auth.permission",
    "pk": 36,
    "fields": {
      "name": "Can view FCM device",
      "content_type": 9,
      "codename": "view_fcmdevice"
    }
  },
  {
    "model": "auth.permission",
    "pk": 37,
    "fields": {
      "name": "Can add crontab",
      "content_type": 10,
      "codename": "add_crontabschedule"
    }
  },
  {
    "model": "auth.permission",
    "pk": 38,
    "fields": {
      "name": "Can change crontab",
      "content_type": 10,
      "codename": "change_crontabschedule"
    }
  },
  {
    "model": "auth.permission",
    "pk": 39,
    "fields": {
      "name": "Can delete crontab",
      "content_type": 10,
      "codename": "delete_crontabschedule"
    }
  },
  {
    "model": "auth.permission",
    "pk": 40,
    "fields": {
      "name": "Can view crontab",
      "content_type": 10,
      "codename": "view_crontabschedule"
    }
  },
  {
    "model": "auth.permission",
    "pk": 41,
    "fields": {
      "name": "Can add interval",
      "content_type": 11,
      "codename": "add_intervalschedule"
    }
  },
  {
    "model": "auth.permission",
    "pk": 42,
    "fields": {
      "name": "Can change interval",
      "content_type": 11,
      "codename": "change_intervalschedule"
    }
  },
  {
    "model": "auth.permission",
    "pk": 43,
    "fields": {
      "name": "Can delete interval",
      "content_type": 11,
      "codename": "delete_intervalschedule"
    }
  },
  {
    "model": "auth.permission",
    "pk": 44,
    "fields": {
      "name": "Can view interval",
      "content_type": 11,
      "codename": "view_intervalschedule"
    }
  },
  {
    "model": "auth.permission",
    "pk": 45,
    "fields": {
      "name": "Can add periodic task",
      "content_type": 12,
      "codename": "add_periodictask"
    }
  },
  {
    "model": "auth.permission",
    "pk": 46,
    "fields": {
      "name": "Can change periodic task",
      "content_type": 12,
      "codename": "change_periodictask"
    }
  },
  {
    "model": "auth.permission",
    "pk": 47,
    "fields": {
      "name": "Can delete periodic task",
      "content_type": 12,
      "codename": "delete_periodictask"
    }
  },
  {
    "model": "auth.permission",
    "pk": 48,
    "fields": {
      "name": "Can view periodic task",
      "content_type": 12,
      "codename": "view_periodictask"
    }
  },
  {
    "model": "auth.permission",
    "pk": 49,
    "fields": {
      "name": "Can add periodic tasks",
      "content_type": 13,
      "codename": "add_periodictasks"
    }
  },
  {
    "model": "auth.permission",
    "pk": 50,
    "fields": {
      "name": "Can change periodic tasks",
      "content_type": 13,
      "codename": "change_periodictasks"
    }
  },
  {
    "model": "auth.permission",
    "pk": 51,
    "fields": {
      "name": "Can delete periodic tasks",
      "content_type": 13,
      "codename": "delete_periodictasks"
    }
  },
  {
    "model": "auth.permission",
    "pk": 52,
    "fields": {
      "name": "Can view periodic tasks",
      "content_type": 13,
      "codename": "view_periodictasks"
    }
  },
  {
    "model": "auth.permission",
    "pk": 53,
    "fields": {
      "name": "Can add task state",
      "content_type": 14,
      "codename": "add_taskmeta"
    }
  },
  {
    "model": "auth.permission",
    "pk": 54,
    "fields": {
      "name": "Can change task state",
      "content_type": 14,
      "codename": "change_taskmeta"
    }
  },
  {
    "model": "auth.permission",
    "pk": 55,
    "fields": {
      "name": "Can delete task state",
      "content_type": 14,
      "codename": "delete_taskmeta"
    }
  },
  {
    "model": "auth.permission",
    "pk": 56,
    "fields": {
      "name": "Can view task state",
      "content_type": 14,
      "codename": "view_taskmeta"
    }
  },
  {
    "model": "auth.permission",
    "pk": 57,
    "fields": {
      "name": "Can add saved group result",
      "content_type": 15,
      "codename": "add_tasksetmeta"
    }
  },
  {
    "model": "auth.permission",
    "pk": 58,
    "fields": {
      "name": "Can change saved group result",
      "content_type": 15,
      "codename": "change_tasksetmeta"
    }
  },
  {
    "model": "auth.permission",
    "pk": 59,
    "fields": {
      "name": "Can delete saved group result",
      "content_type": 15,
      "codename": "delete_tasksetmeta"
    }
  },
  {
    "model": "auth.permission",
    "pk": 60,
    "fields": {
      "name": "Can view saved group result",
      "content_type": 15,
      "codename": "view_tasksetmeta"
    }
  },
  {
    "model": "auth.permission",
    "pk": 61,
    "fields": {
      "name": "Can add task",
      "content_type": 16,
      "codename": "add_taskstate"
    }
  },
  {
    "model": "auth.permission",
    "pk": 62,
    "fields": {
      "name": "Can change task",
      "content_type": 16,
      "codename": "change_taskstate"
    }
  },
  {
    "model": "auth.permission",
    "pk": 63,
    "fields": {
      "name": "Can delete task",
      "content_type": 16,
      "codename": "delete_taskstate"
    }
  },
  {
    "model": "auth.permission",
    "pk": 64,
    "fields": {
      "name": "Can view task",
      "content_type": 16,
      "codename": "view_taskstate"
    }
  },
  {
    "model": "auth.permission",
    "pk": 65,
    "fields": {
      "name": "Can add worker",
      "content_type": 17,
      "codename": "add_workerstate"
    }
  },
  {
    "model": "auth.permission",
    "pk": 66,
    "fields": {
      "name": "Can change worker",
      "content_type": 17,
      "codename": "change_workerstate"
    }
  },
  {
    "model": "auth.permission",
    "pk": 67,
    "fields": {
      "name": "Can delete worker",
      "content_type": 17,
      "codename": "delete_workerstate"
    }
  },
  {
    "model": "auth.permission",
    "pk": 68,
    "fields": {
      "name": "Can view worker",
      "content_type": 17,
      "codename": "view_workerstate"
    }
  },
  {
    "model": "auth.permission",
    "pk": 69,
    "fields": {
      "name": "Can add kv store",
      "content_type": 18,
      "codename": "add_kvstore"
    }
  },
  {
    "model": "auth.permission",
    "pk": 70,
    "fields": {
      "name": "Can change kv store",
      "content_type": 18,
      "codename": "change_kvstore"
    }
  },
  {
    "model": "auth.permission",
    "pk": 71,
    "fields": {
      "name": "Can delete kv store",
      "content_type": 18,
      "codename": "delete_kvstore"
    }
  },
  {
    "model": "auth.permission",
    "pk": 72,
    "fields": {
      "name": "Can view kv store",
      "content_type": 18,
      "codename": "view_kvstore"
    }
  },
  {
    "model": "auth.permission",
    "pk": 73,
    "fields": {
      "name": "Can add payment",
      "content_type": 19,
      "codename": "add_payment"
    }
  },
  {
    "model": "auth.permission",
    "pk": 74,
    "fields": {
      "name": "Can change payment",
      "content_type": 19,
      "codename": "change_payment"
    }
  },
  {
    "model": "auth.permission",
    "pk": 75,
    "fields": {
      "name": "Can delete payment",
      "content_type": 19,
      "codename": "delete_payment"
    }
  },
  {
    "model": "auth.permission",
    "pk": 76,
    "fields": {
      "name": "Can view payment",
      "content_type": 19,
      "codename": "view_payment"
    }
  },
  {
    "model": "auth.permission",
    "pk": 77,
    "fields": {
      "name": "Can add rbl transaction",
      "content_type": 20,
      "codename": "add_rbltransaction"
    }
  },
  {
    "model": "auth.permission",
    "pk": 78,
    "fields": {
      "name": "Can change rbl transaction",
      "content_type": 20,
      "codename": "change_rbltransaction"
    }
  },
  {
    "model": "auth.permission",
    "pk": 79,
    "fields": {
      "name": "Can delete rbl transaction",
      "content_type": 20,
      "codename": "delete_rbltransaction"
    }
  },
  {
    "model": "auth.permission",
    "pk": 80,
    "fields": {
      "name": "Can view rbl transaction",
      "content_type": 20,
      "codename": "view_rbltransaction"
    }
  },
  {
    "model": "auth.permission",
    "pk": 81,
    "fields": {
      "name": "Can add payment link",
      "content_type": 21,
      "codename": "add_paymentlink"
    }
  },
  {
    "model": "auth.permission",
    "pk": 82,
    "fields": {
      "name": "Can change payment link",
      "content_type": 21,
      "codename": "change_paymentlink"
    }
  },
  {
    "model": "auth.permission",
    "pk": 83,
    "fields": {
      "name": "Can delete payment link",
      "content_type": 21,
      "codename": "delete_paymentlink"
    }
  },
  {
    "model": "auth.permission",
    "pk": 84,
    "fields": {
      "name": "Can view payment link",
      "content_type": 21,
      "codename": "view_paymentlink"
    }
  },
  {
    "model": "auth.permission",
    "pk": 85,
    "fields": {
      "name": "Can add pincode master",
      "content_type": 22,
      "codename": "add_pincodemaster"
    }
  },
  {
    "model": "auth.permission",
    "pk": 86,
    "fields": {
      "name": "Can change pincode master",
      "content_type": 22,
      "codename": "change_pincodemaster"
    }
  },
  {
    "model": "auth.permission",
    "pk": 87,
    "fields": {
      "name": "Can delete pincode master",
      "content_type": 22,
      "codename": "delete_pincodemaster"
    }
  },
  {
    "model": "auth.permission",
    "pk": 88,
    "fields": {
      "name": "Can view pincode master",
      "content_type": 22,
      "codename": "view_pincodemaster"
    }
  },
  {
    "model": "auth.permission",
    "pk": 89,
    "fields": {
      "name": "Can add app version check",
      "content_type": 23,
      "codename": "add_appversioncheck"
    }
  },
  {
    "model": "auth.permission",
    "pk": 90,
    "fields": {
      "name": "Can change app version check",
      "content_type": 23,
      "codename": "change_appversioncheck"
    }
  },
  {
    "model": "auth.permission",
    "pk": 91,
    "fields": {
      "name": "Can delete app version check",
      "content_type": 23,
      "codename": "delete_appversioncheck"
    }
  },
  {
    "model": "auth.permission",
    "pk": 92,
    "fields": {
      "name": "Can view app version check",
      "content_type": 23,
      "codename": "view_appversioncheck"
    }
  },
  {
    "model": "auth.permission",
    "pk": 93,
    "fields": {
      "name": "Can add admin master messages",
      "content_type": 24,
      "codename": "add_adminmastermessages"
    }
  },
  {
    "model": "auth.permission",
    "pk": 94,
    "fields": {
      "name": "Can change admin master messages",
      "content_type": 24,
      "codename": "change_adminmastermessages"
    }
  },
  {
    "model": "auth.permission",
    "pk": 95,
    "fields": {
      "name": "Can delete admin master messages",
      "content_type": 24,
      "codename": "delete_adminmastermessages"
    }
  },
  {
    "model": "auth.permission",
    "pk": 96,
    "fields": {
      "name": "Can view admin master messages",
      "content_type": 24,
      "codename": "view_adminmastermessages"
    }
  },
  {
    "model": "auth.permission",
    "pk": 97,
    "fields": {
      "name": "Can add sms settings",
      "content_type": 25,
      "codename": "add_smssettings"
    }
  },
  {
    "model": "auth.permission",
    "pk": 98,
    "fields": {
      "name": "Can change sms settings",
      "content_type": 25,
      "codename": "change_smssettings"
    }
  },
  {
    "model": "auth.permission",
    "pk": 99,
    "fields": {
      "name": "Can delete sms settings",
      "content_type": 25,
      "codename": "delete_smssettings"
    }
  },
  {
    "model": "auth.permission",
    "pk": 100,
    "fields": {
      "name": "Can view sms settings",
      "content_type": 25,
      "codename": "view_smssettings"
    }
  },
  {
    "model": "auth.permission",
    "pk": 101,
    "fields": {
      "name": "Can add smtp settings",
      "content_type": 26,
      "codename": "add_smtpsettings"
    }
  },
  {
    "model": "auth.permission",
    "pk": 102,
    "fields": {
      "name": "Can change smtp settings",
      "content_type": 26,
      "codename": "change_smtpsettings"
    }
  },
  {
    "model": "auth.permission",
    "pk": 103,
    "fields": {
      "name": "Can delete smtp settings",
      "content_type": 26,
      "codename": "delete_smtpsettings"
    }
  },
  {
    "model": "auth.permission",
    "pk": 104,
    "fields": {
      "name": "Can view smtp settings",
      "content_type": 26,
      "codename": "view_smtpsettings"
    }
  },
  {
    "model": "auth.permission",
    "pk": 105,
    "fields": {
      "name": "Can add reference",
      "content_type": 27,
      "codename": "add_reference"
    }
  },
  {
    "model": "auth.permission",
    "pk": 106,
    "fields": {
      "name": "Can change reference",
      "content_type": 27,
      "codename": "change_reference"
    }
  },
  {
    "model": "auth.permission",
    "pk": 107,
    "fields": {
      "name": "Can delete reference",
      "content_type": 27,
      "codename": "delete_reference"
    }
  },
  {
    "model": "auth.permission",
    "pk": 108,
    "fields": {
      "name": "Can view reference",
      "content_type": 27,
      "codename": "view_reference"
    }
  },
  {
    "model": "auth.permission",
    "pk": 109,
    "fields": {
      "name": "Can add professional",
      "content_type": 28,
      "codename": "add_professional"
    }
  },
  {
    "model": "auth.permission",
    "pk": 110,
    "fields": {
      "name": "Can change professional",
      "content_type": 28,
      "codename": "change_professional"
    }
  },
  {
    "model": "auth.permission",
    "pk": 111,
    "fields": {
      "name": "Can delete professional",
      "content_type": 28,
      "codename": "delete_professional"
    }
  },
  {
    "model": "auth.permission",
    "pk": 112,
    "fields": {
      "name": "Can view professional",
      "content_type": 28,
      "codename": "view_professional"
    }
  },
  {
    "model": "auth.permission",
    "pk": 113,
    "fields": {
      "name": "Can add personal",
      "content_type": 29,
      "codename": "add_personal"
    }
  },
  {
    "model": "auth.permission",
    "pk": 114,
    "fields": {
      "name": "Can change personal",
      "content_type": 29,
      "codename": "change_personal"
    }
  },
  {
    "model": "auth.permission",
    "pk": 115,
    "fields": {
      "name": "Can delete personal",
      "content_type": 29,
      "codename": "delete_personal"
    }
  },
  {
    "model": "auth.permission",
    "pk": 116,
    "fields": {
      "name": "Can view personal",
      "content_type": 29,
      "codename": "view_personal"
    }
  },
  {
    "model": "auth.permission",
    "pk": 117,
    "fields": {
      "name": "Can add otp",
      "content_type": 30,
      "codename": "add_otp"
    }
  },
  {
    "model": "auth.permission",
    "pk": 118,
    "fields": {
      "name": "Can change otp",
      "content_type": 30,
      "codename": "change_otp"
    }
  },
  {
    "model": "auth.permission",
    "pk": 119,
    "fields": {
      "name": "Can delete otp",
      "content_type": 30,
      "codename": "delete_otp"
    }
  },
  {
    "model": "auth.permission",
    "pk": 120,
    "fields": {
      "name": "Can view otp",
      "content_type": 30,
      "codename": "view_otp"
    }
  },
  {
    "model": "auth.permission",
    "pk": 121,
    "fields": {
      "name": "Can add documents",
      "content_type": 31,
      "codename": "add_documents"
    }
  },
  {
    "model": "auth.permission",
    "pk": 122,
    "fields": {
      "name": "Can change documents",
      "content_type": 31,
      "codename": "change_documents"
    }
  },
  {
    "model": "auth.permission",
    "pk": 123,
    "fields": {
      "name": "Can delete documents",
      "content_type": 31,
      "codename": "delete_documents"
    }
  },
  {
    "model": "auth.permission",
    "pk": 124,
    "fields": {
      "name": "Can view documents",
      "content_type": 31,
      "codename": "view_documents"
    }
  },
  {
    "model": "auth.permission",
    "pk": 125,
    "fields": {
      "name": "Can add bank",
      "content_type": 32,
      "codename": "add_bank"
    }
  },
  {
    "model": "auth.permission",
    "pk": 126,
    "fields": {
      "name": "Can change bank",
      "content_type": 32,
      "codename": "change_bank"
    }
  },
  {
    "model": "auth.permission",
    "pk": 127,
    "fields": {
      "name": "Can delete bank",
      "content_type": 32,
      "codename": "delete_bank"
    }
  },
  {
    "model": "auth.permission",
    "pk": 128,
    "fields": {
      "name": "Can view bank",
      "content_type": 32,
      "codename": "view_bank"
    }
  },
  {
    "model": "auth.permission",
    "pk": 129,
    "fields": {
      "name": "Can add authentication pin",
      "content_type": 33,
      "codename": "add_authenticationpin"
    }
  },
  {
    "model": "auth.permission",
    "pk": 130,
    "fields": {
      "name": "Can change authentication pin",
      "content_type": 33,
      "codename": "change_authenticationpin"
    }
  },
  {
    "model": "auth.permission",
    "pk": 131,
    "fields": {
      "name": "Can delete authentication pin",
      "content_type": 33,
      "codename": "delete_authenticationpin"
    }
  },
  {
    "model": "auth.permission",
    "pk": 132,
    "fields": {
      "name": "Can view authentication pin",
      "content_type": 33,
      "codename": "view_authenticationpin"
    }
  },
  {
    "model": "auth.permission",
    "pk": 133,
    "fields": {
      "name": "Can add address",
      "content_type": 34,
      "codename": "add_address"
    }
  },
  {
    "model": "auth.permission",
    "pk": 134,
    "fields": {
      "name": "Can change address",
      "content_type": 34,
      "codename": "change_address"
    }
  },
  {
    "model": "auth.permission",
    "pk": 135,
    "fields": {
      "name": "Can delete address",
      "content_type": 34,
      "codename": "delete_address"
    }
  },
  {
    "model": "auth.permission",
    "pk": 136,
    "fields": {
      "name": "Can view address",
      "content_type": 34,
      "codename": "view_address"
    }
  },
  {
    "model": "auth.permission",
    "pk": 137,
    "fields": {
      "name": "Can add subscription",
      "content_type": 35,
      "codename": "add_subscription"
    }
  },
  {
    "model": "auth.permission",
    "pk": 138,
    "fields": {
      "name": "Can change subscription",
      "content_type": 35,
      "codename": "change_subscription"
    }
  },
  {
    "model": "auth.permission",
    "pk": 139,
    "fields": {
      "name": "Can delete subscription",
      "content_type": 35,
      "codename": "delete_subscription"
    }
  },
  {
    "model": "auth.permission",
    "pk": 140,
    "fields": {
      "name": "Can view subscription",
      "content_type": 35,
      "codename": "view_subscription"
    }
  },
  {
    "model": "auth.permission",
    "pk": 141,
    "fields": {
      "name": "Can add location",
      "content_type": 36,
      "codename": "add_location"
    }
  },
  {
    "model": "auth.permission",
    "pk": 142,
    "fields": {
      "name": "Can change location",
      "content_type": 36,
      "codename": "change_location"
    }
  },
  {
    "model": "auth.permission",
    "pk": 143,
    "fields": {
      "name": "Can delete location",
      "content_type": 36,
      "codename": "delete_location"
    }
  },
  {
    "model": "auth.permission",
    "pk": 144,
    "fields": {
      "name": "Can view location",
      "content_type": 36,
      "codename": "view_location"
    }
  },
  {
    "model": "auth.permission",
    "pk": 145,
    "fields": {
      "name": "Can add cibil reason detail",
      "content_type": 37,
      "codename": "add_cibilreasondetail"
    }
  },
  {
    "model": "auth.permission",
    "pk": 146,
    "fields": {
      "name": "Can change cibil reason detail",
      "content_type": 37,
      "codename": "change_cibilreasondetail"
    }
  },
  {
    "model": "auth.permission",
    "pk": 147,
    "fields": {
      "name": "Can delete cibil reason detail",
      "content_type": 37,
      "codename": "delete_cibilreasondetail"
    }
  },
  {
    "model": "auth.permission",
    "pk": 148,
    "fields": {
      "name": "Can view cibil reason detail",
      "content_type": 37,
      "codename": "view_cibilreasondetail"
    }
  },
  {
    "model": "auth.permission",
    "pk": 149,
    "fields": {
      "name": "Can add user locations",
      "content_type": 38,
      "codename": "add_userlocations"
    }
  },
  {
    "model": "auth.permission",
    "pk": 150,
    "fields": {
      "name": "Can change user locations",
      "content_type": 38,
      "codename": "change_userlocations"
    }
  },
  {
    "model": "auth.permission",
    "pk": 151,
    "fields": {
      "name": "Can delete user locations",
      "content_type": 38,
      "codename": "delete_userlocations"
    }
  },
  {
    "model": "auth.permission",
    "pk": 152,
    "fields": {
      "name": "Can view user locations",
      "content_type": 38,
      "codename": "view_userlocations"
    }
  },
  {
    "model": "auth.permission",
    "pk": 153,
    "fields": {
      "name": "Can add notification entry",
      "content_type": 39,
      "codename": "add_notificationentry"
    }
  },
  {
    "model": "auth.permission",
    "pk": 154,
    "fields": {
      "name": "Can change notification entry",
      "content_type": 39,
      "codename": "change_notificationentry"
    }
  },
  {
    "model": "auth.permission",
    "pk": 155,
    "fields": {
      "name": "Can delete notification entry",
      "content_type": 39,
      "codename": "delete_notificationentry"
    }
  },
  {
    "model": "auth.permission",
    "pk": 156,
    "fields": {
      "name": "Can view notification entry",
      "content_type": 39,
      "codename": "view_notificationentry"
    }
  },
  {
    "model": "auth.permission",
    "pk": 157,
    "fields": {
      "name": "Can add device data",
      "content_type": 40,
      "codename": "add_devicedata"
    }
  },
  {
    "model": "auth.permission",
    "pk": 158,
    "fields": {
      "name": "Can change device data",
      "content_type": 40,
      "codename": "change_devicedata"
    }
  },
  {
    "model": "auth.permission",
    "pk": 159,
    "fields": {
      "name": "Can delete device data",
      "content_type": 40,
      "codename": "delete_devicedata"
    }
  },
  {
    "model": "auth.permission",
    "pk": 160,
    "fields": {
      "name": "Can view device data",
      "content_type": 40,
      "codename": "view_devicedata"
    }
  },
  {
    "model": "auth.permission",
    "pk": 161,
    "fields": {
      "name": "Can add cibil raw data",
      "content_type": 41,
      "codename": "add_cibilrawdata"
    }
  },
  {
    "model": "auth.permission",
    "pk": 162,
    "fields": {
      "name": "Can change cibil raw data",
      "content_type": 41,
      "codename": "change_cibilrawdata"
    }
  },
  {
    "model": "auth.permission",
    "pk": 163,
    "fields": {
      "name": "Can delete cibil raw data",
      "content_type": 41,
      "codename": "delete_cibilrawdata"
    }
  },
  {
    "model": "auth.permission",
    "pk": 164,
    "fields": {
      "name": "Can view cibil raw data",
      "content_type": 41,
      "codename": "view_cibilrawdata"
    }
  },
  {
    "model": "auth.permission",
    "pk": 165,
    "fields": {
      "name": "Can add cibil data",
      "content_type": 42,
      "codename": "add_cibildata"
    }
  },
  {
    "model": "auth.permission",
    "pk": 166,
    "fields": {
      "name": "Can change cibil data",
      "content_type": 42,
      "codename": "change_cibildata"
    }
  },
  {
    "model": "auth.permission",
    "pk": 167,
    "fields": {
      "name": "Can delete cibil data",
      "content_type": 42,
      "codename": "delete_cibildata"
    }
  },
  {
    "model": "auth.permission",
    "pk": 168,
    "fields": {
      "name": "Can view cibil data",
      "content_type": 42,
      "codename": "view_cibildata"
    }
  },
  {
    "model": "auth.permission",
    "pk": 169,
    "fields": {
      "name": "Can add user merchant details",
      "content_type": 43,
      "codename": "add_usermerchantdetails"
    }
  },
  {
    "model": "auth.permission",
    "pk": 170,
    "fields": {
      "name": "Can change user merchant details",
      "content_type": 43,
      "codename": "change_usermerchantdetails"
    }
  },
  {
    "model": "auth.permission",
    "pk": 171,
    "fields": {
      "name": "Can delete user merchant details",
      "content_type": 43,
      "codename": "delete_usermerchantdetails"
    }
  },
  {
    "model": "auth.permission",
    "pk": 172,
    "fields": {
      "name": "Can view user merchant details",
      "content_type": 43,
      "codename": "view_usermerchantdetails"
    }
  },
  {
    "model": "auth.permission",
    "pk": 173,
    "fields": {
      "name": "Can add user debit card details",
      "content_type": 44,
      "codename": "add_userdebitcarddetails"
    }
  },
  {
    "model": "auth.permission",
    "pk": 174,
    "fields": {
      "name": "Can change user debit card details",
      "content_type": 44,
      "codename": "change_userdebitcarddetails"
    }
  },
  {
    "model": "auth.permission",
    "pk": 175,
    "fields": {
      "name": "Can delete user debit card details",
      "content_type": 44,
      "codename": "delete_userdebitcarddetails"
    }
  },
  {
    "model": "auth.permission",
    "pk": 176,
    "fields": {
      "name": "Can view user debit card details",
      "content_type": 44,
      "codename": "view_userdebitcarddetails"
    }
  },
  {
    "model": "auth.permission",
    "pk": 177,
    "fields": {
      "name": "Can add user credit card details",
      "content_type": 45,
      "codename": "add_usercreditcarddetails"
    }
  },
  {
    "model": "auth.permission",
    "pk": 178,
    "fields": {
      "name": "Can change user credit card details",
      "content_type": 45,
      "codename": "change_usercreditcarddetails"
    }
  },
  {
    "model": "auth.permission",
    "pk": 179,
    "fields": {
      "name": "Can delete user credit card details",
      "content_type": 45,
      "codename": "delete_usercreditcarddetails"
    }
  },
  {
    "model": "auth.permission",
    "pk": 180,
    "fields": {
      "name": "Can view user credit card details",
      "content_type": 45,
      "codename": "view_usercreditcarddetails"
    }
  },
  {
    "model": "auth.permission",
    "pk": 181,
    "fields": {
      "name": "Can add user bank details",
      "content_type": 46,
      "codename": "add_userbankdetails"
    }
  },
  {
    "model": "auth.permission",
    "pk": 182,
    "fields": {
      "name": "Can change user bank details",
      "content_type": 46,
      "codename": "change_userbankdetails"
    }
  },
  {
    "model": "auth.permission",
    "pk": 183,
    "fields": {
      "name": "Can delete user bank details",
      "content_type": 46,
      "codename": "delete_userbankdetails"
    }
  },
  {
    "model": "auth.permission",
    "pk": 184,
    "fields": {
      "name": "Can view user bank details",
      "content_type": 46,
      "codename": "view_userbankdetails"
    }
  },
  {
    "model": "auth.permission",
    "pk": 185,
    "fields": {
      "name": "Can add contact master",
      "content_type": 47,
      "codename": "add_contactmaster"
    }
  },
  {
    "model": "auth.permission",
    "pk": 186,
    "fields": {
      "name": "Can change contact master",
      "content_type": 47,
      "codename": "change_contactmaster"
    }
  },
  {
    "model": "auth.permission",
    "pk": 187,
    "fields": {
      "name": "Can delete contact master",
      "content_type": 47,
      "codename": "delete_contactmaster"
    }
  },
  {
    "model": "auth.permission",
    "pk": 188,
    "fields": {
      "name": "Can view contact master",
      "content_type": 47,
      "codename": "view_contactmaster"
    }
  },
  {
    "model": "auth.permission",
    "pk": 189,
    "fields": {
      "name": "Can add pan card master",
      "content_type": 48,
      "codename": "add_pancardmaster"
    }
  },
  {
    "model": "auth.permission",
    "pk": 190,
    "fields": {
      "name": "Can change pan card master",
      "content_type": 48,
      "codename": "change_pancardmaster"
    }
  },
  {
    "model": "auth.permission",
    "pk": 191,
    "fields": {
      "name": "Can delete pan card master",
      "content_type": 48,
      "codename": "delete_pancardmaster"
    }
  },
  {
    "model": "auth.permission",
    "pk": 192,
    "fields": {
      "name": "Can view pan card master",
      "content_type": 48,
      "codename": "view_pancardmaster"
    }
  },
  {
    "model": "auth.permission",
    "pk": 193,
    "fields": {
      "name": "Can add share app master",
      "content_type": 49,
      "codename": "add_shareappmaster"
    }
  },
  {
    "model": "auth.permission",
    "pk": 194,
    "fields": {
      "name": "Can change share app master",
      "content_type": 49,
      "codename": "change_shareappmaster"
    }
  },
  {
    "model": "auth.permission",
    "pk": 195,
    "fields": {
      "name": "Can delete share app master",
      "content_type": 49,
      "codename": "delete_shareappmaster"
    }
  },
  {
    "model": "auth.permission",
    "pk": 196,
    "fields": {
      "name": "Can view share app master",
      "content_type": 49,
      "codename": "view_shareappmaster"
    }
  },
  {
    "model": "auth.permission",
    "pk": 197,
    "fields": {
      "name": "Can add installed apps",
      "content_type": 50,
      "codename": "add_installedapps"
    }
  },
  {
    "model": "auth.permission",
    "pk": 198,
    "fields": {
      "name": "Can change installed apps",
      "content_type": 50,
      "codename": "change_installedapps"
    }
  },
  {
    "model": "auth.permission",
    "pk": 199,
    "fields": {
      "name": "Can delete installed apps",
      "content_type": 50,
      "codename": "delete_installedapps"
    }
  },
  {
    "model": "auth.permission",
    "pk": 200,
    "fields": {
      "name": "Can view installed apps",
      "content_type": 50,
      "codename": "view_installedapps"
    }
  },
  {
    "model": "auth.permission",
    "pk": 201,
    "fields": {
      "name": "Can add user shared data",
      "content_type": 51,
      "codename": "add_usershareddata"
    }
  },
  {
    "model": "auth.permission",
    "pk": 202,
    "fields": {
      "name": "Can change user shared data",
      "content_type": 51,
      "codename": "change_usershareddata"
    }
  },
  {
    "model": "auth.permission",
    "pk": 203,
    "fields": {
      "name": "Can delete user shared data",
      "content_type": 51,
      "codename": "delete_usershareddata"
    }
  },
  {
    "model": "auth.permission",
    "pk": 204,
    "fields": {
      "name": "Can view user shared data",
      "content_type": 51,
      "codename": "view_usershareddata"
    }
  },
  {
    "model": "auth.permission",
    "pk": 205,
    "fields": {
      "name": "Can add pan request",
      "content_type": 52,
      "codename": "add_panrequest"
    }
  },
  {
    "model": "auth.permission",
    "pk": 206,
    "fields": {
      "name": "Can change pan request",
      "content_type": 52,
      "codename": "change_panrequest"
    }
  },
  {
    "model": "auth.permission",
    "pk": 207,
    "fields": {
      "name": "Can delete pan request",
      "content_type": 52,
      "codename": "delete_panrequest"
    }
  },
  {
    "model": "auth.permission",
    "pk": 208,
    "fields": {
      "name": "Can view pan request",
      "content_type": 52,
      "codename": "view_panrequest"
    }
  },
  {
    "model": "auth.permission",
    "pk": 209,
    "fields": {
      "name": "Can add loan acknowledgement",
      "content_type": 53,
      "codename": "add_loanacknowledgement"
    }
  },
  {
    "model": "auth.permission",
    "pk": 210,
    "fields": {
      "name": "Can change loan acknowledgement",
      "content_type": 53,
      "codename": "change_loanacknowledgement"
    }
  },
  {
    "model": "auth.permission",
    "pk": 211,
    "fields": {
      "name": "Can delete loan acknowledgement",
      "content_type": 53,
      "codename": "delete_loanacknowledgement"
    }
  },
  {
    "model": "auth.permission",
    "pk": 212,
    "fields": {
      "name": "Can view loan acknowledgement",
      "content_type": 53,
      "codename": "view_loanacknowledgement"
    }
  },
  {
    "model": "auth.permission",
    "pk": 213,
    "fields": {
      "name": "Can add loan application",
      "content_type": 54,
      "codename": "add_loanapplication"
    }
  },
  {
    "model": "auth.permission",
    "pk": 214,
    "fields": {
      "name": "Can change loan application",
      "content_type": 54,
      "codename": "change_loanapplication"
    }
  },
  {
    "model": "auth.permission",
    "pk": 215,
    "fields": {
      "name": "Can delete loan application",
      "content_type": 54,
      "codename": "delete_loanapplication"
    }
  },
  {
    "model": "auth.permission",
    "pk": 216,
    "fields": {
      "name": "Can view loan application",
      "content_type": 54,
      "codename": "view_loanapplication"
    }
  },
  {
    "model": "auth.permission",
    "pk": 217,
    "fields": {
      "name": "Can add overdue report",
      "content_type": 55,
      "codename": "add_overduereport"
    }
  },
  {
    "model": "auth.permission",
    "pk": 218,
    "fields": {
      "name": "Can change overdue report",
      "content_type": 55,
      "codename": "change_overduereport"
    }
  },
  {
    "model": "auth.permission",
    "pk": 219,
    "fields": {
      "name": "Can delete overdue report",
      "content_type": 55,
      "codename": "delete_overduereport"
    }
  },
  {
    "model": "auth.permission",
    "pk": 220,
    "fields": {
      "name": "Can view overdue report",
      "content_type": 55,
      "codename": "view_overduereport"
    }
  },
  {
    "model": "auth.permission",
    "pk": 221,
    "fields": {
      "name": "Can add auto approved",
      "content_type": 56,
      "codename": "add_autoapproved"
    }
  },
  {
    "model": "auth.permission",
    "pk": 222,
    "fields": {
      "name": "Can change auto approved",
      "content_type": 56,
      "codename": "change_autoapproved"
    }
  },
  {
    "model": "auth.permission",
    "pk": 223,
    "fields": {
      "name": "Can delete auto approved",
      "content_type": 56,
      "codename": "delete_autoapproved"
    }
  },
  {
    "model": "auth.permission",
    "pk": 224,
    "fields": {
      "name": "Can view auto approved",
      "content_type": 56,
      "codename": "view_autoapproved"
    }
  },
  {
    "model": "auth.permission",
    "pk": 225,
    "fields": {
      "name": "Can add category model",
      "content_type": 57,
      "codename": "add_categorymodel"
    }
  },
  {
    "model": "auth.permission",
    "pk": 226,
    "fields": {
      "name": "Can change category model",
      "content_type": 57,
      "codename": "change_categorymodel"
    }
  },
  {
    "model": "auth.permission",
    "pk": 227,
    "fields": {
      "name": "Can delete category model",
      "content_type": 57,
      "codename": "delete_categorymodel"
    }
  },
  {
    "model": "auth.permission",
    "pk": 228,
    "fields": {
      "name": "Can view category model",
      "content_type": 57,
      "codename": "view_categorymodel"
    }
  },
  {
    "model": "auth.permission",
    "pk": 229,
    "fields": {
      "name": "Can add credited towards keyword model",
      "content_type": 58,
      "codename": "add_creditedtowardskeywordmodel"
    }
  },
  {
    "model": "auth.permission",
    "pk": 230,
    "fields": {
      "name": "Can change credited towards keyword model",
      "content_type": 58,
      "codename": "change_creditedtowardskeywordmodel"
    }
  },
  {
    "model": "auth.permission",
    "pk": 231,
    "fields": {
      "name": "Can delete credited towards keyword model",
      "content_type": 58,
      "codename": "delete_creditedtowardskeywordmodel"
    }
  },
  {
    "model": "auth.permission",
    "pk": 232,
    "fields": {
      "name": "Can view credited towards keyword model",
      "content_type": 58,
      "codename": "view_creditedtowardskeywordmodel"
    }
  },
  {
    "model": "auth.permission",
    "pk": 233,
    "fields": {
      "name": "Can add debited towards keyword model",
      "content_type": 59,
      "codename": "add_debitedtowardskeywordmodel"
    }
  },
  {
    "model": "auth.permission",
    "pk": 234,
    "fields": {
      "name": "Can change debited towards keyword model",
      "content_type": 59,
      "codename": "change_debitedtowardskeywordmodel"
    }
  },
  {
    "model": "auth.permission",
    "pk": 235,
    "fields": {
      "name": "Can delete debited towards keyword model",
      "content_type": 59,
      "codename": "delete_debitedtowardskeywordmodel"
    }
  },
  {
    "model": "auth.permission",
    "pk": 236,
    "fields": {
      "name": "Can view debited towards keyword model",
      "content_type": 59,
      "codename": "view_debitedtowardskeywordmodel"
    }
  },
  {
    "model": "auth.permission",
    "pk": 237,
    "fields": {
      "name": "Can add merchant model",
      "content_type": 60,
      "codename": "add_merchantmodel"
    }
  },
  {
    "model": "auth.permission",
    "pk": 238,
    "fields": {
      "name": "Can change merchant model",
      "content_type": 60,
      "codename": "change_merchantmodel"
    }
  },
  {
    "model": "auth.permission",
    "pk": 239,
    "fields": {
      "name": "Can delete merchant model",
      "content_type": 60,
      "codename": "delete_merchantmodel"
    }
  },
  {
    "model": "auth.permission",
    "pk": 240,
    "fields": {
      "name": "Can view merchant model",
      "content_type": 60,
      "codename": "view_merchantmodel"
    }
  },
  {
    "model": "auth.permission",
    "pk": 241,
    "fields": {
      "name": "Can add sms header master",
      "content_type": 61,
      "codename": "add_smsheadermaster"
    }
  },
  {
    "model": "auth.permission",
    "pk": 242,
    "fields": {
      "name": "Can change sms header master",
      "content_type": 61,
      "codename": "change_smsheadermaster"
    }
  },
  {
    "model": "auth.permission",
    "pk": 243,
    "fields": {
      "name": "Can delete sms header master",
      "content_type": 61,
      "codename": "delete_smsheadermaster"
    }
  },
  {
    "model": "auth.permission",
    "pk": 244,
    "fields": {
      "name": "Can view sms header master",
      "content_type": 61,
      "codename": "view_smsheadermaster"
    }
  },
  {
    "model": "auth.permission",
    "pk": 245,
    "fields": {
      "name": "Can add sms key word master",
      "content_type": 62,
      "codename": "add_smskeywordmaster"
    }
  },
  {
    "model": "auth.permission",
    "pk": 246,
    "fields": {
      "name": "Can change sms key word master",
      "content_type": 62,
      "codename": "change_smskeywordmaster"
    }
  },
  {
    "model": "auth.permission",
    "pk": 247,
    "fields": {
      "name": "Can delete sms key word master",
      "content_type": 62,
      "codename": "delete_smskeywordmaster"
    }
  },
  {
    "model": "auth.permission",
    "pk": 248,
    "fields": {
      "name": "Can view sms key word master",
      "content_type": 62,
      "codename": "view_smskeywordmaster"
    }
  },
  {
    "model": "auth.permission",
    "pk": 249,
    "fields": {
      "name": "Can add sms string master",
      "content_type": 63,
      "codename": "add_smsstringmaster"
    }
  },
  {
    "model": "auth.permission",
    "pk": 250,
    "fields": {
      "name": "Can change sms string master",
      "content_type": 63,
      "codename": "change_smsstringmaster"
    }
  },
  {
    "model": "auth.permission",
    "pk": 251,
    "fields": {
      "name": "Can delete sms string master",
      "content_type": 63,
      "codename": "delete_smsstringmaster"
    }
  },
  {
    "model": "auth.permission",
    "pk": 252,
    "fields": {
      "name": "Can view sms string master",
      "content_type": 63,
      "codename": "view_smsstringmaster"
    }
  },
  {
    "model": "auth.permission",
    "pk": 253,
    "fields": {
      "name": "Can add distribution limit amount",
      "content_type": 64,
      "codename": "add_distributionlimitamount"
    }
  },
  {
    "model": "auth.permission",
    "pk": 254,
    "fields": {
      "name": "Can change distribution limit amount",
      "content_type": 64,
      "codename": "change_distributionlimitamount"
    }
  },
  {
    "model": "auth.permission",
    "pk": 255,
    "fields": {
      "name": "Can delete distribution limit amount",
      "content_type": 64,
      "codename": "delete_distributionlimitamount"
    }
  },
  {
    "model": "auth.permission",
    "pk": 256,
    "fields": {
      "name": "Can view distribution limit amount",
      "content_type": 64,
      "codename": "view_distributionlimitamount"
    }
  },
  {
    "model": "auth.permission",
    "pk": 257,
    "fields": {
      "name": "Can add recovery",
      "content_type": 65,
      "codename": "add_recovery"
    }
  },
  {
    "model": "auth.permission",
    "pk": 258,
    "fields": {
      "name": "Can change recovery",
      "content_type": 65,
      "codename": "change_recovery"
    }
  },
  {
    "model": "auth.permission",
    "pk": 259,
    "fields": {
      "name": "Can delete recovery",
      "content_type": 65,
      "codename": "delete_recovery"
    }
  },
  {
    "model": "auth.permission",
    "pk": 260,
    "fields": {
      "name": "Can view recovery",
      "content_type": 65,
      "codename": "view_recovery"
    }
  },
  {
    "model": "auth.permission",
    "pk": 261,
    "fields": {
      "name": "Can add recovery commission",
      "content_type": 66,
      "codename": "add_recoverycommission"
    }
  },
  {
    "model": "auth.permission",
    "pk": 262,
    "fields": {
      "name": "Can change recovery commission",
      "content_type": 66,
      "codename": "change_recoverycommission"
    }
  },
  {
    "model": "auth.permission",
    "pk": 263,
    "fields": {
      "name": "Can delete recovery commission",
      "content_type": 66,
      "codename": "delete_recoverycommission"
    }
  },
  {
    "model": "auth.permission",
    "pk": 264,
    "fields": {
      "name": "Can view recovery commission",
      "content_type": 66,
      "codename": "view_recoverycommission"
    }
  },
  {
    "model": "auth.permission",
    "pk": 265,
    "fields": {
      "name": "Can add remark",
      "content_type": 67,
      "codename": "add_remark"
    }
  },
  {
    "model": "auth.permission",
    "pk": 266,
    "fields": {
      "name": "Can change remark",
      "content_type": 67,
      "codename": "change_remark"
    }
  },
  {
    "model": "auth.permission",
    "pk": 267,
    "fields": {
      "name": "Can delete remark",
      "content_type": 67,
      "codename": "delete_remark"
    }
  },
  {
    "model": "auth.permission",
    "pk": 268,
    "fields": {
      "name": "Can view remark",
      "content_type": 67,
      "codename": "view_remark"
    }
  },
  {
    "model": "auth.permission",
    "pk": 269,
    "fields": {
      "name": "Can add recovery call history",
      "content_type": 68,
      "codename": "add_recoverycallhistory"
    }
  },
  {
    "model": "auth.permission",
    "pk": 270,
    "fields": {
      "name": "Can change recovery call history",
      "content_type": 68,
      "codename": "change_recoverycallhistory"
    }
  },
  {
    "model": "auth.permission",
    "pk": 271,
    "fields": {
      "name": "Can delete recovery call history",
      "content_type": 68,
      "codename": "delete_recoverycallhistory"
    }
  },
  {
    "model": "auth.permission",
    "pk": 272,
    "fields": {
      "name": "Can view recovery call history",
      "content_type": 68,
      "codename": "view_recoverycallhistory"
    }
  },
  {
    "model": "auth.permission",
    "pk": 273,
    "fields": {
      "name": "Can add equi fax master",
      "content_type": 69,
      "codename": "add_equifaxmaster"
    }
  },
  {
    "model": "auth.permission",
    "pk": 274,
    "fields": {
      "name": "Can change equi fax master",
      "content_type": 69,
      "codename": "change_equifaxmaster"
    }
  },
  {
    "model": "auth.permission",
    "pk": 275,
    "fields": {
      "name": "Can delete equi fax master",
      "content_type": 69,
      "codename": "delete_equifaxmaster"
    }
  },
  {
    "model": "auth.permission",
    "pk": 276,
    "fields": {
      "name": "Can view equi fax master",
      "content_type": 69,
      "codename": "view_equifaxmaster"
    }
  },
  {
    "model": "auth.permission",
    "pk": 277,
    "fields": {
      "name": "Can add equi fax score details",
      "content_type": 70,
      "codename": "add_equifaxscoredetails"
    }
  },
  {
    "model": "auth.permission",
    "pk": 278,
    "fields": {
      "name": "Can change equi fax score details",
      "content_type": 70,
      "codename": "change_equifaxscoredetails"
    }
  },
  {
    "model": "auth.permission",
    "pk": 279,
    "fields": {
      "name": "Can delete equi fax score details",
      "content_type": 70,
      "codename": "delete_equifaxscoredetails"
    }
  },
  {
    "model": "auth.permission",
    "pk": 280,
    "fields": {
      "name": "Can view equi fax score details",
      "content_type": 70,
      "codename": "view_equifaxscoredetails"
    }
  },
  {
    "model": "auth.permission",
    "pk": 281,
    "fields": {
      "name": "Can add equi fax score",
      "content_type": 71,
      "codename": "add_equifaxscore"
    }
  },
  {
    "model": "auth.permission",
    "pk": 282,
    "fields": {
      "name": "Can change equi fax score",
      "content_type": 71,
      "codename": "change_equifaxscore"
    }
  },
  {
    "model": "auth.permission",
    "pk": 283,
    "fields": {
      "name": "Can delete equi fax score",
      "content_type": 71,
      "codename": "delete_equifaxscore"
    }
  },
  {
    "model": "auth.permission",
    "pk": 284,
    "fields": {
      "name": "Can view equi fax score",
      "content_type": 71,
      "codename": "view_equifaxscore"
    }
  },
  {
    "model": "auth.permission",
    "pk": 285,
    "fields": {
      "name": "Can add equi fax retail account summary",
      "content_type": 72,
      "codename": "add_equifaxretailaccountsummary"
    }
  },
  {
    "model": "auth.permission",
    "pk": 286,
    "fields": {
      "name": "Can change equi fax retail account summary",
      "content_type": 72,
      "codename": "change_equifaxretailaccountsummary"
    }
  },
  {
    "model": "auth.permission",
    "pk": 287,
    "fields": {
      "name": "Can delete equi fax retail account summary",
      "content_type": 72,
      "codename": "delete_equifaxretailaccountsummary"
    }
  },
  {
    "model": "auth.permission",
    "pk": 288,
    "fields": {
      "name": "Can view equi fax retail account summary",
      "content_type": 72,
      "codename": "view_equifaxretailaccountsummary"
    }
  },
  {
    "model": "auth.permission",
    "pk": 289,
    "fields": {
      "name": "Can add equi fax retail account details",
      "content_type": 73,
      "codename": "add_equifaxretailaccountdetails"
    }
  },
  {
    "model": "auth.permission",
    "pk": 290,
    "fields": {
      "name": "Can change equi fax retail account details",
      "content_type": 73,
      "codename": "change_equifaxretailaccountdetails"
    }
  },
  {
    "model": "auth.permission",
    "pk": 291,
    "fields": {
      "name": "Can delete equi fax retail account details",
      "content_type": 73,
      "codename": "delete_equifaxretailaccountdetails"
    }
  },
  {
    "model": "auth.permission",
    "pk": 292,
    "fields": {
      "name": "Can view equi fax retail account details",
      "content_type": 73,
      "codename": "view_equifaxretailaccountdetails"
    }
  },
  {
    "model": "auth.permission",
    "pk": 293,
    "fields": {
      "name": "Can add equi fax recent activites",
      "content_type": 74,
      "codename": "add_equifaxrecentactivites"
    }
  },
  {
    "model": "auth.permission",
    "pk": 294,
    "fields": {
      "name": "Can change equi fax recent activites",
      "content_type": 74,
      "codename": "change_equifaxrecentactivites"
    }
  },
  {
    "model": "auth.permission",
    "pk": 295,
    "fields": {
      "name": "Can delete equi fax recent activites",
      "content_type": 74,
      "codename": "delete_equifaxrecentactivites"
    }
  },
  {
    "model": "auth.permission",
    "pk": 296,
    "fields": {
      "name": "Can view equi fax recent activites",
      "content_type": 74,
      "codename": "view_equifaxrecentactivites"
    }
  },
  {
    "model": "auth.permission",
    "pk": 297,
    "fields": {
      "name": "Can add equi fax phone info",
      "content_type": 75,
      "codename": "add_equifaxphoneinfo"
    }
  },
  {
    "model": "auth.permission",
    "pk": 298,
    "fields": {
      "name": "Can change equi fax phone info",
      "content_type": 75,
      "codename": "change_equifaxphoneinfo"
    }
  },
  {
    "model": "auth.permission",
    "pk": 299,
    "fields": {
      "name": "Can delete equi fax phone info",
      "content_type": 75,
      "codename": "delete_equifaxphoneinfo"
    }
  },
  {
    "model": "auth.permission",
    "pk": 300,
    "fields": {
      "name": "Can view equi fax phone info",
      "content_type": 75,
      "codename": "view_equifaxphoneinfo"
    }
  },
  {
    "model": "auth.permission",
    "pk": 301,
    "fields": {
      "name": "Can add equi fax personal info",
      "content_type": 76,
      "codename": "add_equifaxpersonalinfo"
    }
  },
  {
    "model": "auth.permission",
    "pk": 302,
    "fields": {
      "name": "Can change equi fax personal info",
      "content_type": 76,
      "codename": "change_equifaxpersonalinfo"
    }
  },
  {
    "model": "auth.permission",
    "pk": 303,
    "fields": {
      "name": "Can delete equi fax personal info",
      "content_type": 76,
      "codename": "delete_equifaxpersonalinfo"
    }
  },
  {
    "model": "auth.permission",
    "pk": 304,
    "fields": {
      "name": "Can view equi fax personal info",
      "content_type": 76,
      "codename": "view_equifaxpersonalinfo"
    }
  },
  {
    "model": "auth.permission",
    "pk": 305,
    "fields": {
      "name": "Can add equi fax other key ind",
      "content_type": 77,
      "codename": "add_equifaxotherkeyind"
    }
  },
  {
    "model": "auth.permission",
    "pk": 306,
    "fields": {
      "name": "Can change equi fax other key ind",
      "content_type": 77,
      "codename": "change_equifaxotherkeyind"
    }
  },
  {
    "model": "auth.permission",
    "pk": 307,
    "fields": {
      "name": "Can delete equi fax other key ind",
      "content_type": 77,
      "codename": "delete_equifaxotherkeyind"
    }
  },
  {
    "model": "auth.permission",
    "pk": 308,
    "fields": {
      "name": "Can view equi fax other key ind",
      "content_type": 77,
      "codename": "view_equifaxotherkeyind"
    }
  },
  {
    "model": "auth.permission",
    "pk": 309,
    "fields": {
      "name": "Can add equi fax inquiry response info",
      "content_type": 78,
      "codename": "add_equifaxinquiryresponseinfo"
    }
  },
  {
    "model": "auth.permission",
    "pk": 310,
    "fields": {
      "name": "Can change equi fax inquiry response info",
      "content_type": 78,
      "codename": "change_equifaxinquiryresponseinfo"
    }
  },
  {
    "model": "auth.permission",
    "pk": 311,
    "fields": {
      "name": "Can delete equi fax inquiry response info",
      "content_type": 78,
      "codename": "delete_equifaxinquiryresponseinfo"
    }
  },
  {
    "model": "auth.permission",
    "pk": 312,
    "fields": {
      "name": "Can view equi fax inquiry response info",
      "content_type": 78,
      "codename": "view_equifaxinquiryresponseinfo"
    }
  },
  {
    "model": "auth.permission",
    "pk": 313,
    "fields": {
      "name": "Can add equi fax inquiry response header",
      "content_type": 79,
      "codename": "add_equifaxinquiryresponseheader"
    }
  },
  {
    "model": "auth.permission",
    "pk": 314,
    "fields": {
      "name": "Can change equi fax inquiry response header",
      "content_type": 79,
      "codename": "change_equifaxinquiryresponseheader"
    }
  },
  {
    "model": "auth.permission",
    "pk": 315,
    "fields": {
      "name": "Can delete equi fax inquiry response header",
      "content_type": 79,
      "codename": "delete_equifaxinquiryresponseheader"
    }
  },
  {
    "model": "auth.permission",
    "pk": 316,
    "fields": {
      "name": "Can view equi fax inquiry response header",
      "content_type": 79,
      "codename": "view_equifaxinquiryresponseheader"
    }
  },
  {
    "model": "auth.permission",
    "pk": 317,
    "fields": {
      "name": "Can add equi fax inquiry phones",
      "content_type": 80,
      "codename": "add_equifaxinquiryphones"
    }
  },
  {
    "model": "auth.permission",
    "pk": 318,
    "fields": {
      "name": "Can change equi fax inquiry phones",
      "content_type": 80,
      "codename": "change_equifaxinquiryphones"
    }
  },
  {
    "model": "auth.permission",
    "pk": 319,
    "fields": {
      "name": "Can delete equi fax inquiry phones",
      "content_type": 80,
      "codename": "delete_equifaxinquiryphones"
    }
  },
  {
    "model": "auth.permission",
    "pk": 320,
    "fields": {
      "name": "Can view equi fax inquiry phones",
      "content_type": 80,
      "codename": "view_equifaxinquiryphones"
    }
  },
  {
    "model": "auth.permission",
    "pk": 321,
    "fields": {
      "name": "Can add equi fax inquiry address",
      "content_type": 81,
      "codename": "add_equifaxinquiryaddress"
    }
  },
  {
    "model": "auth.permission",
    "pk": 322,
    "fields": {
      "name": "Can change equi fax inquiry address",
      "content_type": 81,
      "codename": "change_equifaxinquiryaddress"
    }
  },
  {
    "model": "auth.permission",
    "pk": 323,
    "fields": {
      "name": "Can delete equi fax inquiry address",
      "content_type": 81,
      "codename": "delete_equifaxinquiryaddress"
    }
  },
  {
    "model": "auth.permission",
    "pk": 324,
    "fields": {
      "name": "Can view equi fax inquiry address",
      "content_type": 81,
      "codename": "view_equifaxinquiryaddress"
    }
  },
  {
    "model": "auth.permission",
    "pk": 325,
    "fields": {
      "name": "Can add equi fax identiy info",
      "content_type": 82,
      "codename": "add_equifaxidentiyinfo"
    }
  },
  {
    "model": "auth.permission",
    "pk": 326,
    "fields": {
      "name": "Can change equi fax identiy info",
      "content_type": 82,
      "codename": "change_equifaxidentiyinfo"
    }
  },
  {
    "model": "auth.permission",
    "pk": 327,
    "fields": {
      "name": "Can delete equi fax identiy info",
      "content_type": 82,
      "codename": "delete_equifaxidentiyinfo"
    }
  },
  {
    "model": "auth.permission",
    "pk": 328,
    "fields": {
      "name": "Can view equi fax identiy info",
      "content_type": 82,
      "codename": "view_equifaxidentiyinfo"
    }
  },
  {
    "model": "auth.permission",
    "pk": 329,
    "fields": {
      "name": "Can add equi fax id details",
      "content_type": 83,
      "codename": "add_equifaxiddetails"
    }
  },
  {
    "model": "auth.permission",
    "pk": 330,
    "fields": {
      "name": "Can change equi fax id details",
      "content_type": 83,
      "codename": "change_equifaxiddetails"
    }
  },
  {
    "model": "auth.permission",
    "pk": 331,
    "fields": {
      "name": "Can delete equi fax id details",
      "content_type": 83,
      "codename": "delete_equifaxiddetails"
    }
  },
  {
    "model": "auth.permission",
    "pk": 332,
    "fields": {
      "name": "Can view equi fax id details",
      "content_type": 83,
      "codename": "view_equifaxiddetails"
    }
  },
  {
    "model": "auth.permission",
    "pk": 333,
    "fields": {
      "name": "Can add equi fax enquiry summary",
      "content_type": 84,
      "codename": "add_equifaxenquirysummary"
    }
  },
  {
    "model": "auth.permission",
    "pk": 334,
    "fields": {
      "name": "Can change equi fax enquiry summary",
      "content_type": 84,
      "codename": "change_equifaxenquirysummary"
    }
  },
  {
    "model": "auth.permission",
    "pk": 335,
    "fields": {
      "name": "Can delete equi fax enquiry summary",
      "content_type": 84,
      "codename": "delete_equifaxenquirysummary"
    }
  },
  {
    "model": "auth.permission",
    "pk": 336,
    "fields": {
      "name": "Can view equi fax enquiry summary",
      "content_type": 84,
      "codename": "view_equifaxenquirysummary"
    }
  },
  {
    "model": "auth.permission",
    "pk": 337,
    "fields": {
      "name": "Can add equi fax enquiries",
      "content_type": 85,
      "codename": "add_equifaxenquiries"
    }
  },
  {
    "model": "auth.permission",
    "pk": 338,
    "fields": {
      "name": "Can change equi fax enquiries",
      "content_type": 85,
      "codename": "change_equifaxenquiries"
    }
  },
  {
    "model": "auth.permission",
    "pk": 339,
    "fields": {
      "name": "Can delete equi fax enquiries",
      "content_type": 85,
      "codename": "delete_equifaxenquiries"
    }
  },
  {
    "model": "auth.permission",
    "pk": 340,
    "fields": {
      "name": "Can view equi fax enquiries",
      "content_type": 85,
      "codename": "view_equifaxenquiries"
    }
  },
  {
    "model": "auth.permission",
    "pk": 341,
    "fields": {
      "name": "Can add equi fax email address info",
      "content_type": 86,
      "codename": "add_equifaxemailaddressinfo"
    }
  },
  {
    "model": "auth.permission",
    "pk": 342,
    "fields": {
      "name": "Can change equi fax email address info",
      "content_type": 86,
      "codename": "change_equifaxemailaddressinfo"
    }
  },
  {
    "model": "auth.permission",
    "pk": 343,
    "fields": {
      "name": "Can delete equi fax email address info",
      "content_type": 86,
      "codename": "delete_equifaxemailaddressinfo"
    }
  },
  {
    "model": "auth.permission",
    "pk": 344,
    "fields": {
      "name": "Can view equi fax email address info",
      "content_type": 86,
      "codename": "view_equifaxemailaddressinfo"
    }
  },
  {
    "model": "auth.permission",
    "pk": 345,
    "fields": {
      "name": "Can add equi fax dimensional variables",
      "content_type": 87,
      "codename": "add_equifaxdimensionalvariables"
    }
  },
  {
    "model": "auth.permission",
    "pk": 346,
    "fields": {
      "name": "Can change equi fax dimensional variables",
      "content_type": 87,
      "codename": "change_equifaxdimensionalvariables"
    }
  },
  {
    "model": "auth.permission",
    "pk": 347,
    "fields": {
      "name": "Can delete equi fax dimensional variables",
      "content_type": 87,
      "codename": "delete_equifaxdimensionalvariables"
    }
  },
  {
    "model": "auth.permission",
    "pk": 348,
    "fields": {
      "name": "Can view equi fax dimensional variables",
      "content_type": 87,
      "codename": "view_equifaxdimensionalvariables"
    }
  },
  {
    "model": "auth.permission",
    "pk": 349,
    "fields": {
      "name": "Can add equi fax consumer disputes",
      "content_type": 88,
      "codename": "add_equifaxconsumerdisputes"
    }
  },
  {
    "model": "auth.permission",
    "pk": 350,
    "fields": {
      "name": "Can change equi fax consumer disputes",
      "content_type": 88,
      "codename": "change_equifaxconsumerdisputes"
    }
  },
  {
    "model": "auth.permission",
    "pk": 351,
    "fields": {
      "name": "Can delete equi fax consumer disputes",
      "content_type": 88,
      "codename": "delete_equifaxconsumerdisputes"
    }
  },
  {
    "model": "auth.permission",
    "pk": 352,
    "fields": {
      "name": "Can view equi fax consumer disputes",
      "content_type": 88,
      "codename": "view_equifaxconsumerdisputes"
    }
  },
  {
    "model": "auth.permission",
    "pk": 353,
    "fields": {
      "name": "Can add equi fax address info",
      "content_type": 89,
      "codename": "add_equifaxaddressinfo"
    }
  },
  {
    "model": "auth.permission",
    "pk": 354,
    "fields": {
      "name": "Can change equi fax address info",
      "content_type": 89,
      "codename": "change_equifaxaddressinfo"
    }
  },
  {
    "model": "auth.permission",
    "pk": 355,
    "fields": {
      "name": "Can delete equi fax address info",
      "content_type": 89,
      "codename": "delete_equifaxaddressinfo"
    }
  },
  {
    "model": "auth.permission",
    "pk": 356,
    "fields": {
      "name": "Can view equi fax address info",
      "content_type": 89,
      "codename": "view_equifaxaddressinfo"
    }
  },
  {
    "model": "auth.permission",
    "pk": 357,
    "fields": {
      "name": "Can add consumer disputes details",
      "content_type": 90,
      "codename": "add_consumerdisputesdetails"
    }
  },
  {
    "model": "auth.permission",
    "pk": 358,
    "fields": {
      "name": "Can change consumer disputes details",
      "content_type": 90,
      "codename": "change_consumerdisputesdetails"
    }
  },
  {
    "model": "auth.permission",
    "pk": 359,
    "fields": {
      "name": "Can delete consumer disputes details",
      "content_type": 90,
      "codename": "delete_consumerdisputesdetails"
    }
  },
  {
    "model": "auth.permission",
    "pk": 360,
    "fields": {
      "name": "Can view consumer disputes details",
      "content_type": 90,
      "codename": "view_consumerdisputesdetails"
    }
  },
  {
    "model": "auth.permission",
    "pk": 361,
    "fields": {
      "name": "Can add register user",
      "content_type": 91,
      "codename": "add_registeruser"
    }
  },
  {
    "model": "auth.permission",
    "pk": 362,
    "fields": {
      "name": "Can change register user",
      "content_type": 91,
      "codename": "change_registeruser"
    }
  },
  {
    "model": "auth.permission",
    "pk": 363,
    "fields": {
      "name": "Can delete register user",
      "content_type": 91,
      "codename": "delete_registeruser"
    }
  },
  {
    "model": "auth.permission",
    "pk": 364,
    "fields": {
      "name": "Can view register user",
      "content_type": 91,
      "codename": "view_registeruser"
    }
  },
  {
    "model": "auth.permission",
    "pk": 365,
    "fields": {
      "name": "Can add credit vidya sms",
      "content_type": 92,
      "codename": "add_creditvidyasms"
    }
  },
  {
    "model": "auth.permission",
    "pk": 366,
    "fields": {
      "name": "Can change credit vidya sms",
      "content_type": 92,
      "codename": "change_creditvidyasms"
    }
  },
  {
    "model": "auth.permission",
    "pk": 367,
    "fields": {
      "name": "Can delete credit vidya sms",
      "content_type": 92,
      "codename": "delete_creditvidyasms"
    }
  },
  {
    "model": "auth.permission",
    "pk": 368,
    "fields": {
      "name": "Can view credit vidya sms",
      "content_type": 92,
      "codename": "view_creditvidyasms"
    }
  },
  {
    "model": "auth.permission",
    "pk": 369,
    "fields": {
      "name": "Can add credit vidya application",
      "content_type": 93,
      "codename": "add_creditvidyaapplication"
    }
  },
  {
    "model": "auth.permission",
    "pk": 370,
    "fields": {
      "name": "Can change credit vidya application",
      "content_type": 93,
      "codename": "change_creditvidyaapplication"
    }
  },
  {
    "model": "auth.permission",
    "pk": 371,
    "fields": {
      "name": "Can delete credit vidya application",
      "content_type": 93,
      "codename": "delete_creditvidyaapplication"
    }
  },
  {
    "model": "auth.permission",
    "pk": 372,
    "fields": {
      "name": "Can view credit vidya application",
      "content_type": 93,
      "codename": "view_creditvidyaapplication"
    }
  },
  {
    "model": "auth.permission",
    "pk": 373,
    "fields": {
      "name": "Can add credit vidya app",
      "content_type": 94,
      "codename": "add_creditvidyaapp"
    }
  },
  {
    "model": "auth.permission",
    "pk": 374,
    "fields": {
      "name": "Can change credit vidya app",
      "content_type": 94,
      "codename": "change_creditvidyaapp"
    }
  },
  {
    "model": "auth.permission",
    "pk": 375,
    "fields": {
      "name": "Can delete credit vidya app",
      "content_type": 94,
      "codename": "delete_creditvidyaapp"
    }
  },
  {
    "model": "auth.permission",
    "pk": 376,
    "fields": {
      "name": "Can view credit vidya app",
      "content_type": 94,
      "codename": "view_creditvidyaapp"
    }
  },
  {
    "model": "auth.permission",
    "pk": 377,
    "fields": {
      "name": "Can add credit vidya location",
      "content_type": 95,
      "codename": "add_creditvidyalocation"
    }
  },
  {
    "model": "auth.permission",
    "pk": 378,
    "fields": {
      "name": "Can change credit vidya location",
      "content_type": 95,
      "codename": "change_creditvidyalocation"
    }
  },
  {
    "model": "auth.permission",
    "pk": 379,
    "fields": {
      "name": "Can delete credit vidya location",
      "content_type": 95,
      "codename": "delete_creditvidyalocation"
    }
  },
  {
    "model": "auth.permission",
    "pk": 380,
    "fields": {
      "name": "Can view credit vidya location",
      "content_type": 95,
      "codename": "view_creditvidyalocation"
    }
  },
  {
    "model": "auth.permission",
    "pk": 381,
    "fields": {
      "name": "Can add credit vidya device data",
      "content_type": 96,
      "codename": "add_creditvidyadevicedata"
    }
  },
  {
    "model": "auth.permission",
    "pk": 382,
    "fields": {
      "name": "Can change credit vidya device data",
      "content_type": 96,
      "codename": "change_creditvidyadevicedata"
    }
  },
  {
    "model": "auth.permission",
    "pk": 383,
    "fields": {
      "name": "Can delete credit vidya device data",
      "content_type": 96,
      "codename": "delete_creditvidyadevicedata"
    }
  },
  {
    "model": "auth.permission",
    "pk": 384,
    "fields": {
      "name": "Can view credit vidya device data",
      "content_type": 96,
      "codename": "view_creditvidyadevicedata"
    }
  },
  {
    "model": "auth.permission",
    "pk": 385,
    "fields": {
      "name": "Can add credit vidya contacts",
      "content_type": 97,
      "codename": "add_creditvidyacontacts"
    }
  },
  {
    "model": "auth.permission",
    "pk": 386,
    "fields": {
      "name": "Can change credit vidya contacts",
      "content_type": 97,
      "codename": "change_creditvidyacontacts"
    }
  },
  {
    "model": "auth.permission",
    "pk": 387,
    "fields": {
      "name": "Can delete credit vidya contacts",
      "content_type": 97,
      "codename": "delete_creditvidyacontacts"
    }
  },
  {
    "model": "auth.permission",
    "pk": 388,
    "fields": {
      "name": "Can view credit vidya contacts",
      "content_type": 97,
      "codename": "view_creditvidyacontacts"
    }
  },
  {
    "model": "auth.permission",
    "pk": 389,
    "fields": {
      "name": "Can add yelo leads",
      "content_type": 98,
      "codename": "add_yeloleads"
    }
  },
  {
    "model": "auth.permission",
    "pk": 390,
    "fields": {
      "name": "Can change yelo leads",
      "content_type": 98,
      "codename": "change_yeloleads"
    }
  },
  {
    "model": "auth.permission",
    "pk": 391,
    "fields": {
      "name": "Can delete yelo leads",
      "content_type": 98,
      "codename": "delete_yeloleads"
    }
  },
  {
    "model": "auth.permission",
    "pk": 392,
    "fields": {
      "name": "Can view yelo leads",
      "content_type": 98,
      "codename": "view_yeloleads"
    }
  },
  {
    "model": "auth.permission",
    "pk": 393,
    "fields": {
      "name": "Can add lending adda",
      "content_type": 99,
      "codename": "add_lendingadda"
    }
  },
  {
    "model": "auth.permission",
    "pk": 394,
    "fields": {
      "name": "Can change lending adda",
      "content_type": 99,
      "codename": "change_lendingadda"
    }
  },
  {
    "model": "auth.permission",
    "pk": 395,
    "fields": {
      "name": "Can delete lending adda",
      "content_type": 99,
      "codename": "delete_lendingadda"
    }
  },
  {
    "model": "auth.permission",
    "pk": 396,
    "fields": {
      "name": "Can view lending adda",
      "content_type": 99,
      "codename": "view_lendingadda"
    }
  },
  {
    "model": "auth.permission",
    "pk": 397,
    "fields": {
      "name": "Can add tecdo leads",
      "content_type": 100,
      "codename": "add_tecdoleads"
    }
  },
  {
    "model": "auth.permission",
    "pk": 398,
    "fields": {
      "name": "Can change tecdo leads",
      "content_type": 100,
      "codename": "change_tecdoleads"
    }
  },
  {
    "model": "auth.permission",
    "pk": 399,
    "fields": {
      "name": "Can delete tecdo leads",
      "content_type": 100,
      "codename": "delete_tecdoleads"
    }
  },
  {
    "model": "auth.permission",
    "pk": 400,
    "fields": {
      "name": "Can view tecdo leads",
      "content_type": 100,
      "codename": "view_tecdoleads"
    }
  },
  {
    "model": "auth.permission",
    "pk": 401,
    "fields": {
      "name": "Can add tecdo reports",
      "content_type": 101,
      "codename": "add_tecdoreports"
    }
  },
  {
    "model": "auth.permission",
    "pk": 402,
    "fields": {
      "name": "Can change tecdo reports",
      "content_type": 101,
      "codename": "change_tecdoreports"
    }
  },
  {
    "model": "auth.permission",
    "pk": 403,
    "fields": {
      "name": "Can delete tecdo reports",
      "content_type": 101,
      "codename": "delete_tecdoreports"
    }
  },
  {
    "model": "auth.permission",
    "pk": 404,
    "fields": {
      "name": "Can view tecdo reports",
      "content_type": 101,
      "codename": "view_tecdoreports"
    }
  },
  {
    "model": "auth.permission",
    "pk": 405,
    "fields": {
      "name": "Can add affiliates",
      "content_type": 102,
      "codename": "add_affiliates"
    }
  },
  {
    "model": "auth.permission",
    "pk": 406,
    "fields": {
      "name": "Can change affiliates",
      "content_type": 102,
      "codename": "change_affiliates"
    }
  },
  {
    "model": "auth.permission",
    "pk": 407,
    "fields": {
      "name": "Can delete affiliates",
      "content_type": 102,
      "codename": "delete_affiliates"
    }
  },
  {
    "model": "auth.permission",
    "pk": 408,
    "fields": {
      "name": "Can view affiliates",
      "content_type": 102,
      "codename": "view_affiliates"
    }
  },
  {
    "model": "auth.permission",
    "pk": 409,
    "fields": {
      "name": "Can add partners",
      "content_type": 103,
      "codename": "add_partners"
    }
  },
  {
    "model": "auth.permission",
    "pk": 410,
    "fields": {
      "name": "Can change partners",
      "content_type": 103,
      "codename": "change_partners"
    }
  },
  {
    "model": "auth.permission",
    "pk": 411,
    "fields": {
      "name": "Can delete partners",
      "content_type": 103,
      "codename": "delete_partners"
    }
  },
  {
    "model": "auth.permission",
    "pk": 412,
    "fields": {
      "name": "Can view partners",
      "content_type": 103,
      "codename": "view_partners"
    }
  },
  {
    "model": "auth.permission",
    "pk": 413,
    "fields": {
      "name": "Can add partner leads",
      "content_type": 104,
      "codename": "add_partnerleads"
    }
  },
  {
    "model": "auth.permission",
    "pk": 414,
    "fields": {
      "name": "Can change partner leads",
      "content_type": 104,
      "codename": "change_partnerleads"
    }
  },
  {
    "model": "auth.permission",
    "pk": 415,
    "fields": {
      "name": "Can delete partner leads",
      "content_type": 104,
      "codename": "delete_partnerleads"
    }
  },
  {
    "model": "auth.permission",
    "pk": 416,
    "fields": {
      "name": "Can view partner leads",
      "content_type": 104,
      "codename": "view_partnerleads"
    }
  },
  {
    "model": "auth.permission",
    "pk": 417,
    "fields": {
      "name": "Can add yelo partner",
      "content_type": 105,
      "codename": "add_yelopartner"
    }
  },
  {
    "model": "auth.permission",
    "pk": 418,
    "fields": {
      "name": "Can change yelo partner",
      "content_type": 105,
      "codename": "change_yelopartner"
    }
  },
  {
    "model": "auth.permission",
    "pk": 419,
    "fields": {
      "name": "Can delete yelo partner",
      "content_type": 105,
      "codename": "delete_yelopartner"
    }
  },
  {
    "model": "auth.permission",
    "pk": 420,
    "fields": {
      "name": "Can view yelo partner",
      "content_type": 105,
      "codename": "view_yelopartner"
    }
  },
  {
    "model": "auth.permission",
    "pk": 421,
    "fields": {
      "name": "Can add lending adda partner",
      "content_type": 106,
      "codename": "add_lendingaddapartner"
    }
  },
  {
    "model": "auth.permission",
    "pk": 422,
    "fields": {
      "name": "Can change lending adda partner",
      "content_type": 106,
      "codename": "change_lendingaddapartner"
    }
  },
  {
    "model": "auth.permission",
    "pk": 423,
    "fields": {
      "name": "Can delete lending adda partner",
      "content_type": 106,
      "codename": "delete_lendingaddapartner"
    }
  },
  {
    "model": "auth.permission",
    "pk": 424,
    "fields": {
      "name": "Can view lending adda partner",
      "content_type": 106,
      "codename": "view_lendingaddapartner"
    }
  },
  {
    "model": "auth.permission",
    "pk": 425,
    "fields": {
      "name": "Can add dynamic disbursement",
      "content_type": 107,
      "codename": "add_dynamicdisbursement"
    }
  },
  {
    "model": "auth.permission",
    "pk": 426,
    "fields": {
      "name": "Can change dynamic disbursement",
      "content_type": 107,
      "codename": "change_dynamicdisbursement"
    }
  },
  {
    "model": "auth.permission",
    "pk": 427,
    "fields": {
      "name": "Can delete dynamic disbursement",
      "content_type": 107,
      "codename": "delete_dynamicdisbursement"
    }
  },
  {
    "model": "auth.permission",
    "pk": 428,
    "fields": {
      "name": "Can view dynamic disbursement",
      "content_type": 107,
      "codename": "view_dynamicdisbursement"
    }
  },
  {
    "model": "auth.permission",
    "pk": 429,
    "fields": {
      "name": "Can add sm s_ campaign_ data",
      "content_type": 108,
      "codename": "add_sms_campaign_data"
    }
  },
  {
    "model": "auth.permission",
    "pk": 430,
    "fields": {
      "name": "Can change sm s_ campaign_ data",
      "content_type": 108,
      "codename": "change_sms_campaign_data"
    }
  },
  {
    "model": "auth.permission",
    "pk": 431,
    "fields": {
      "name": "Can delete sm s_ campaign_ data",
      "content_type": 108,
      "codename": "delete_sms_campaign_data"
    }
  },
  {
    "model": "auth.permission",
    "pk": 432,
    "fields": {
      "name": "Can view sm s_ campaign_ data",
      "content_type": 108,
      "codename": "view_sms_campaign_data"
    }
  },
  {
    "model": "auth.permission",
    "pk": 433,
    "fields": {
      "name": "Can add automation",
      "content_type": 109,
      "codename": "add_automation"
    }
  },
  {
    "model": "auth.permission",
    "pk": 434,
    "fields": {
      "name": "Can change automation",
      "content_type": 109,
      "codename": "change_automation"
    }
  },
  {
    "model": "auth.permission",
    "pk": 435,
    "fields": {
      "name": "Can delete automation",
      "content_type": 109,
      "codename": "delete_automation"
    }
  },
  {
    "model": "auth.permission",
    "pk": 436,
    "fields": {
      "name": "Can view automation",
      "content_type": 109,
      "codename": "view_automation"
    }
  },
  {
    "model": "auth.permission",
    "pk": 437,
    "fields": {
      "name": "Can add face match",
      "content_type": 110,
      "codename": "add_facematch"
    }
  },
  {
    "model": "auth.permission",
    "pk": 438,
    "fields": {
      "name": "Can change face match",
      "content_type": 110,
      "codename": "change_facematch"
    }
  },
  {
    "model": "auth.permission",
    "pk": 439,
    "fields": {
      "name": "Can delete face match",
      "content_type": 110,
      "codename": "delete_facematch"
    }
  },
  {
    "model": "auth.permission",
    "pk": 440,
    "fields": {
      "name": "Can view face match",
      "content_type": 110,
      "codename": "view_facematch"
    }
  },
  {
    "model": "auth.permission",
    "pk": 441,
    "fields": {
      "name": "Can add text match",
      "content_type": 111,
      "codename": "add_textmatch"
    }
  },
  {
    "model": "auth.permission",
    "pk": 442,
    "fields": {
      "name": "Can change text match",
      "content_type": 111,
      "codename": "change_textmatch"
    }
  },
  {
    "model": "auth.permission",
    "pk": 443,
    "fields": {
      "name": "Can delete text match",
      "content_type": 111,
      "codename": "delete_textmatch"
    }
  },
  {
    "model": "auth.permission",
    "pk": 444,
    "fields": {
      "name": "Can view text match",
      "content_type": 111,
      "codename": "view_textmatch"
    }
  },
  {
    "model": "auth.permission",
    "pk": 445,
    "fields": {
      "name": "Can add category",
      "content_type": 112,
      "codename": "add_category"
    }
  },
  {
    "model": "auth.permission",
    "pk": 446,
    "fields": {
      "name": "Can change category",
      "content_type": 112,
      "codename": "change_category"
    }
  },
  {
    "model": "auth.permission",
    "pk": 447,
    "fields": {
      "name": "Can delete category",
      "content_type": 112,
      "codename": "delete_category"
    }
  },
  {
    "model": "auth.permission",
    "pk": 448,
    "fields": {
      "name": "Can view category",
      "content_type": 112,
      "codename": "view_category"
    }
  },
  {
    "model": "auth.permission",
    "pk": 449,
    "fields": {
      "name": "Can add cgst",
      "content_type": 113,
      "codename": "add_cgst"
    }
  },
  {
    "model": "auth.permission",
    "pk": 450,
    "fields": {
      "name": "Can change cgst",
      "content_type": 113,
      "codename": "change_cgst"
    }
  },
  {
    "model": "auth.permission",
    "pk": 451,
    "fields": {
      "name": "Can delete cgst",
      "content_type": 113,
      "codename": "delete_cgst"
    }
  },
  {
    "model": "auth.permission",
    "pk": 452,
    "fields": {
      "name": "Can view cgst",
      "content_type": 113,
      "codename": "view_cgst"
    }
  },
  {
    "model": "auth.permission",
    "pk": 453,
    "fields": {
      "name": "Can add colour",
      "content_type": 114,
      "codename": "add_colour"
    }
  },
  {
    "model": "auth.permission",
    "pk": 454,
    "fields": {
      "name": "Can change colour",
      "content_type": 114,
      "codename": "change_colour"
    }
  },
  {
    "model": "auth.permission",
    "pk": 455,
    "fields": {
      "name": "Can delete colour",
      "content_type": 114,
      "codename": "delete_colour"
    }
  },
  {
    "model": "auth.permission",
    "pk": 456,
    "fields": {
      "name": "Can view colour",
      "content_type": 114,
      "codename": "view_colour"
    }
  },
  {
    "model": "auth.permission",
    "pk": 457,
    "fields": {
      "name": "Can add credit",
      "content_type": 115,
      "codename": "add_credit"
    }
  },
  {
    "model": "auth.permission",
    "pk": 458,
    "fields": {
      "name": "Can change credit",
      "content_type": 115,
      "codename": "change_credit"
    }
  },
  {
    "model": "auth.permission",
    "pk": 459,
    "fields": {
      "name": "Can delete credit",
      "content_type": 115,
      "codename": "delete_credit"
    }
  },
  {
    "model": "auth.permission",
    "pk": 460,
    "fields": {
      "name": "Can view credit",
      "content_type": 115,
      "codename": "view_credit"
    }
  },
  {
    "model": "auth.permission",
    "pk": 461,
    "fields": {
      "name": "Can add order",
      "content_type": 116,
      "codename": "add_order"
    }
  },
  {
    "model": "auth.permission",
    "pk": 462,
    "fields": {
      "name": "Can change order",
      "content_type": 116,
      "codename": "change_order"
    }
  },
  {
    "model": "auth.permission",
    "pk": 463,
    "fields": {
      "name": "Can delete order",
      "content_type": 116,
      "codename": "delete_order"
    }
  },
  {
    "model": "auth.permission",
    "pk": 464,
    "fields": {
      "name": "Can view order",
      "content_type": 116,
      "codename": "view_order"
    }
  },
  {
    "model": "auth.permission",
    "pk": 465,
    "fields": {
      "name": "Can add product",
      "content_type": 117,
      "codename": "add_product"
    }
  },
  {
    "model": "auth.permission",
    "pk": 466,
    "fields": {
      "name": "Can change product",
      "content_type": 117,
      "codename": "change_product"
    }
  },
  {
    "model": "auth.permission",
    "pk": 467,
    "fields": {
      "name": "Can delete product",
      "content_type": 117,
      "codename": "delete_product"
    }
  },
  {
    "model": "auth.permission",
    "pk": 468,
    "fields": {
      "name": "Can view product",
      "content_type": 117,
      "codename": "view_product"
    }
  },
  {
    "model": "auth.permission",
    "pk": 469,
    "fields": {
      "name": "Can add product details",
      "content_type": 118,
      "codename": "add_productdetails"
    }
  },
  {
    "model": "auth.permission",
    "pk": 470,
    "fields": {
      "name": "Can change product details",
      "content_type": 118,
      "codename": "change_productdetails"
    }
  },
  {
    "model": "auth.permission",
    "pk": 471,
    "fields": {
      "name": "Can delete product details",
      "content_type": 118,
      "codename": "delete_productdetails"
    }
  },
  {
    "model": "auth.permission",
    "pk": 472,
    "fields": {
      "name": "Can view product details",
      "content_type": 118,
      "codename": "view_productdetails"
    }
  },
  {
    "model": "auth.permission",
    "pk": 473,
    "fields": {
      "name": "Can add sgst",
      "content_type": 119,
      "codename": "add_sgst"
    }
  },
  {
    "model": "auth.permission",
    "pk": 474,
    "fields": {
      "name": "Can change sgst",
      "content_type": 119,
      "codename": "change_sgst"
    }
  },
  {
    "model": "auth.permission",
    "pk": 475,
    "fields": {
      "name": "Can delete sgst",
      "content_type": 119,
      "codename": "delete_sgst"
    }
  },
  {
    "model": "auth.permission",
    "pk": 476,
    "fields": {
      "name": "Can view sgst",
      "content_type": 119,
      "codename": "view_sgst"
    }
  },
  {
    "model": "auth.permission",
    "pk": 477,
    "fields": {
      "name": "Can add size",
      "content_type": 120,
      "codename": "add_size"
    }
  },
  {
    "model": "auth.permission",
    "pk": 478,
    "fields": {
      "name": "Can change size",
      "content_type": 120,
      "codename": "change_size"
    }
  },
  {
    "model": "auth.permission",
    "pk": 479,
    "fields": {
      "name": "Can delete size",
      "content_type": 120,
      "codename": "delete_size"
    }
  },
  {
    "model": "auth.permission",
    "pk": 480,
    "fields": {
      "name": "Can view size",
      "content_type": 120,
      "codename": "view_size"
    }
  },
  {
    "model": "auth.permission",
    "pk": 481,
    "fields": {
      "name": "Can add sub category",
      "content_type": 121,
      "codename": "add_subcategory"
    }
  },
  {
    "model": "auth.permission",
    "pk": 482,
    "fields": {
      "name": "Can change sub category",
      "content_type": 121,
      "codename": "change_subcategory"
    }
  },
  {
    "model": "auth.permission",
    "pk": 483,
    "fields": {
      "name": "Can delete sub category",
      "content_type": 121,
      "codename": "delete_subcategory"
    }
  },
  {
    "model": "auth.permission",
    "pk": 484,
    "fields": {
      "name": "Can view sub category",
      "content_type": 121,
      "codename": "view_subcategory"
    }
  },
  {
    "model": "auth.permission",
    "pk": 485,
    "fields": {
      "name": "Can add stock",
      "content_type": 122,
      "codename": "add_stock"
    }
  },
  {
    "model": "auth.permission",
    "pk": 486,
    "fields": {
      "name": "Can change stock",
      "content_type": 122,
      "codename": "change_stock"
    }
  },
  {
    "model": "auth.permission",
    "pk": 487,
    "fields": {
      "name": "Can delete stock",
      "content_type": 122,
      "codename": "delete_stock"
    }
  },
  {
    "model": "auth.permission",
    "pk": 488,
    "fields": {
      "name": "Can view stock",
      "content_type": 122,
      "codename": "view_stock"
    }
  },
  {
    "model": "auth.permission",
    "pk": 489,
    "fields": {
      "name": "Can add seller",
      "content_type": 123,
      "codename": "add_seller"
    }
  },
  {
    "model": "auth.permission",
    "pk": 490,
    "fields": {
      "name": "Can change seller",
      "content_type": 123,
      "codename": "change_seller"
    }
  },
  {
    "model": "auth.permission",
    "pk": 491,
    "fields": {
      "name": "Can delete seller",
      "content_type": 123,
      "codename": "delete_seller"
    }
  },
  {
    "model": "auth.permission",
    "pk": 492,
    "fields": {
      "name": "Can view seller",
      "content_type": 123,
      "codename": "view_seller"
    }
  },
  {
    "model": "auth.permission",
    "pk": 493,
    "fields": {
      "name": "Can add order details",
      "content_type": 124,
      "codename": "add_orderdetails"
    }
  },
  {
    "model": "auth.permission",
    "pk": 494,
    "fields": {
      "name": "Can change order details",
      "content_type": 124,
      "codename": "change_orderdetails"
    }
  },
  {
    "model": "auth.permission",
    "pk": 495,
    "fields": {
      "name": "Can delete order details",
      "content_type": 124,
      "codename": "delete_orderdetails"
    }
  },
  {
    "model": "auth.permission",
    "pk": 496,
    "fields": {
      "name": "Can view order details",
      "content_type": 124,
      "codename": "view_orderdetails"
    }
  },
  {
    "model": "auth.permission",
    "pk": 497,
    "fields": {
      "name": "Can add cart",
      "content_type": 125,
      "codename": "add_cart"
    }
  },
  {
    "model": "auth.permission",
    "pk": 498,
    "fields": {
      "name": "Can change cart",
      "content_type": 125,
      "codename": "change_cart"
    }
  },
  {
    "model": "auth.permission",
    "pk": 499,
    "fields": {
      "name": "Can delete cart",
      "content_type": 125,
      "codename": "delete_cart"
    }
  },
  {
    "model": "auth.permission",
    "pk": 500,
    "fields": {
      "name": "Can view cart",
      "content_type": 125,
      "codename": "view_cart"
    }
  },
  {
    "model": "auth.permission",
    "pk": 501,
    "fields": {
      "name": "Can add images",
      "content_type": 126,
      "codename": "add_images"
    }
  },
  {
    "model": "auth.permission",
    "pk": 502,
    "fields": {
      "name": "Can change images",
      "content_type": 126,
      "codename": "change_images"
    }
  },
  {
    "model": "auth.permission",
    "pk": 503,
    "fields": {
      "name": "Can delete images",
      "content_type": 126,
      "codename": "delete_images"
    }
  },
  {
    "model": "auth.permission",
    "pk": 504,
    "fields": {
      "name": "Can view images",
      "content_type": 126,
      "codename": "view_images"
    }
  },
  {
    "model": "auth.permission",
    "pk": 505,
    "fields": {
      "name": "Can add ecom documents",
      "content_type": 127,
      "codename": "add_ecomdocuments"
    }
  },
  {
    "model": "auth.permission",
    "pk": 506,
    "fields": {
      "name": "Can change ecom documents",
      "content_type": 127,
      "codename": "change_ecomdocuments"
    }
  },
  {
    "model": "auth.permission",
    "pk": 507,
    "fields": {
      "name": "Can delete ecom documents",
      "content_type": 127,
      "codename": "delete_ecomdocuments"
    }
  },
  {
    "model": "auth.permission",
    "pk": 508,
    "fields": {
      "name": "Can view ecom documents",
      "content_type": 127,
      "codename": "view_ecomdocuments"
    }
  },
  {
    "model": "auth.permission",
    "pk": 509,
    "fields": {
      "name": "Can add delivery charges",
      "content_type": 128,
      "codename": "add_deliverycharges"
    }
  },
  {
    "model": "auth.permission",
    "pk": 510,
    "fields": {
      "name": "Can change delivery charges",
      "content_type": 128,
      "codename": "change_deliverycharges"
    }
  },
  {
    "model": "auth.permission",
    "pk": 511,
    "fields": {
      "name": "Can delete delivery charges",
      "content_type": 128,
      "codename": "delete_deliverycharges"
    }
  },
  {
    "model": "auth.permission",
    "pk": 512,
    "fields": {
      "name": "Can view delivery charges",
      "content_type": 128,
      "codename": "view_deliverycharges"
    }
  },
  {
    "model": "auth.permission",
    "pk": 513,
    "fields": {
      "name": "Can add order status",
      "content_type": 129,
      "codename": "add_orderstatus"
    }
  },
  {
    "model": "auth.permission",
    "pk": 514,
    "fields": {
      "name": "Can change order status",
      "content_type": 129,
      "codename": "change_orderstatus"
    }
  },
  {
    "model": "auth.permission",
    "pk": 515,
    "fields": {
      "name": "Can delete order status",
      "content_type": 129,
      "codename": "delete_orderstatus"
    }
  },
  {
    "model": "auth.permission",
    "pk": 516,
    "fields": {
      "name": "Can view order status",
      "content_type": 129,
      "codename": "view_orderstatus"
    }
  },
  {
    "model": "auth.permission",
    "pk": 517,
    "fields": {
      "name": "Can add order details status",
      "content_type": 130,
      "codename": "add_orderdetailsstatus"
    }
  },
  {
    "model": "auth.permission",
    "pk": 518,
    "fields": {
      "name": "Can change order details status",
      "content_type": 130,
      "codename": "change_orderdetailsstatus"
    }
  },
  {
    "model": "auth.permission",
    "pk": 519,
    "fields": {
      "name": "Can delete order details status",
      "content_type": 130,
      "codename": "delete_orderdetailsstatus"
    }
  },
  {
    "model": "auth.permission",
    "pk": 520,
    "fields": {
      "name": "Can view order details status",
      "content_type": 130,
      "codename": "view_orderdetailsstatus"
    }
  },
  {
    "model": "auth.permission",
    "pk": 521,
    "fields": {
      "name": "Can add order location",
      "content_type": 131,
      "codename": "add_orderlocation"
    }
  },
  {
    "model": "auth.permission",
    "pk": 522,
    "fields": {
      "name": "Can change order location",
      "content_type": 131,
      "codename": "change_orderlocation"
    }
  },
  {
    "model": "auth.permission",
    "pk": 523,
    "fields": {
      "name": "Can delete order location",
      "content_type": 131,
      "codename": "delete_orderlocation"
    }
  },
  {
    "model": "auth.permission",
    "pk": 524,
    "fields": {
      "name": "Can view order location",
      "content_type": 131,
      "codename": "view_orderlocation"
    }
  },
  {
    "model": "auth.permission",
    "pk": 525,
    "fields": {
      "name": "Can add return order",
      "content_type": 132,
      "codename": "add_returnorder"
    }
  },
  {
    "model": "auth.permission",
    "pk": 526,
    "fields": {
      "name": "Can change return order",
      "content_type": 132,
      "codename": "change_returnorder"
    }
  },
  {
    "model": "auth.permission",
    "pk": 527,
    "fields": {
      "name": "Can delete return order",
      "content_type": 132,
      "codename": "delete_returnorder"
    }
  },
  {
    "model": "auth.permission",
    "pk": 528,
    "fields": {
      "name": "Can view return order",
      "content_type": 132,
      "codename": "view_returnorder"
    }
  },
  {
    "model": "auth.permission",
    "pk": 529,
    "fields": {
      "name": "Can add product details amount",
      "content_type": 133,
      "codename": "add_productdetailsamount"
    }
  },
  {
    "model": "auth.permission",
    "pk": 530,
    "fields": {
      "name": "Can change product details amount",
      "content_type": 133,
      "codename": "change_productdetailsamount"
    }
  },
  {
    "model": "auth.permission",
    "pk": 531,
    "fields": {
      "name": "Can delete product details amount",
      "content_type": 133,
      "codename": "delete_productdetailsamount"
    }
  },
  {
    "model": "auth.permission",
    "pk": 532,
    "fields": {
      "name": "Can view product details amount",
      "content_type": 133,
      "codename": "view_productdetailsamount"
    }
  },
  {
    "model": "auth.permission",
    "pk": 533,
    "fields": {
      "name": "Can add seller amount",
      "content_type": 134,
      "codename": "add_selleramount"
    }
  },
  {
    "model": "auth.permission",
    "pk": 534,
    "fields": {
      "name": "Can change seller amount",
      "content_type": 134,
      "codename": "change_selleramount"
    }
  },
  {
    "model": "auth.permission",
    "pk": 535,
    "fields": {
      "name": "Can delete seller amount",
      "content_type": 134,
      "codename": "delete_selleramount"
    }
  },
  {
    "model": "auth.permission",
    "pk": 536,
    "fields": {
      "name": "Can view seller amount",
      "content_type": 134,
      "codename": "view_selleramount"
    }
  },
  {
    "model": "auth.permission",
    "pk": 537,
    "fields": {
      "name": "Can add seller account",
      "content_type": 135,
      "codename": "add_selleraccount"
    }
  },
  {
    "model": "auth.permission",
    "pk": 538,
    "fields": {
      "name": "Can change seller account",
      "content_type": 135,
      "codename": "change_selleraccount"
    }
  },
  {
    "model": "auth.permission",
    "pk": 539,
    "fields": {
      "name": "Can delete seller account",
      "content_type": 135,
      "codename": "delete_selleraccount"
    }
  },
  {
    "model": "auth.permission",
    "pk": 540,
    "fields": {
      "name": "Can view seller account",
      "content_type": 135,
      "codename": "view_selleraccount"
    }
  },
  {
    "model": "auth.permission",
    "pk": 541,
    "fields": {
      "name": "Can add logistic order",
      "content_type": 136,
      "codename": "add_logisticorder"
    }
  },
  {
    "model": "auth.permission",
    "pk": 542,
    "fields": {
      "name": "Can change logistic order",
      "content_type": 136,
      "codename": "change_logisticorder"
    }
  },
  {
    "model": "auth.permission",
    "pk": 543,
    "fields": {
      "name": "Can delete logistic order",
      "content_type": 136,
      "codename": "delete_logisticorder"
    }
  },
  {
    "model": "auth.permission",
    "pk": 544,
    "fields": {
      "name": "Can view logistic order",
      "content_type": 136,
      "codename": "view_logisticorder"
    }
  },
  {
    "model": "auth.permission",
    "pk": 545,
    "fields": {
      "name": "Can add seller warehouse",
      "content_type": 137,
      "codename": "add_sellerwarehouse"
    }
  },
  {
    "model": "auth.permission",
    "pk": 546,
    "fields": {
      "name": "Can change seller warehouse",
      "content_type": 137,
      "codename": "change_sellerwarehouse"
    }
  },
  {
    "model": "auth.permission",
    "pk": 547,
    "fields": {
      "name": "Can delete seller warehouse",
      "content_type": 137,
      "codename": "delete_sellerwarehouse"
    }
  },
  {
    "model": "auth.permission",
    "pk": 548,
    "fields": {
      "name": "Can view seller warehouse",
      "content_type": 137,
      "codename": "view_sellerwarehouse"
    }
  },
  {
    "model": "auth.permission",
    "pk": 549,
    "fields": {
      "name": "Can add base category",
      "content_type": 138,
      "codename": "add_basecategory"
    }
  },
  {
    "model": "auth.permission",
    "pk": 550,
    "fields": {
      "name": "Can change base category",
      "content_type": 138,
      "codename": "change_basecategory"
    }
  },
  {
    "model": "auth.permission",
    "pk": 551,
    "fields": {
      "name": "Can delete base category",
      "content_type": 138,
      "codename": "delete_basecategory"
    }
  },
  {
    "model": "auth.permission",
    "pk": 552,
    "fields": {
      "name": "Can view base category",
      "content_type": 138,
      "codename": "view_basecategory"
    }
  },
  {
    "model": "auth.group",
    "pk": 1,
    "fields": {
      "name": "Recovery Team",
      "permissions": []
    }
  },
  {
    "model": "auth.group",
    "pk": 2,
    "fields": {
      "name": "Recovery Supervisor",
      "permissions": []
    }
  },
  {
    "model": "auth.group",
    "pk": 3,
    "fields": {
      "name": "credit verification",
      "permissions": []
    }
  },
  {
    "model": "auth.group",
    "pk": 4,
    "fields": {
      "name": "Customer Executive",
      "permissions": []
    }
  },
  {
    "model": "auth.group",
    "pk": 8,
    "fields": {
      "name": "Business Associate",
      "permissions": []
    }
  },
  {
    "model": "auth.group",
    "pk": 9,
    "fields": {
      "name": "Partner",
      "permissions": []
    }
  },
  {
    "model": "auth.group",
    "pk": 10,
    "fields": {
      "name": "Accounts",
      "permissions": []
    }
  },
  {
    "model": "auth.group",
    "pk": 11,
    "fields": {
      "name": "Seller",
      "permissions": []
    }
  },
  {
    "model": "auth.group",
    "pk": 12,
    "fields": {
      "name": "Logistics",
      "permissions": []
    }
  },
  {
    "model": "auth.group",
    "pk": 13,
    "fields": {
      "name": "EcomAdmin",
      "permissions": []
    }
  },
  {
    "model": "auth.user",
    "pk": 1,
    "fields": {
      "password": "pbkdf2_sha256$150000$IIUvrHKQu5Qg$fxZVAUELc03e2wOFKPTgpJEpU6lOD2oX5bS5FYSHHco=",
      "last_login": "2020-06-23T09:59:55.970",
      "is_superuser": true,
      "username": "RecoverySuperwisor",
      "first_name": "",
      "last_name": "",
      "email": "",
      "is_staff": true,
      "is_active": true,
      "date_joined": "2020-06-23T09:50:13.775",
      "groups": [
        2
      ],
      "user_permissions": []
    }
  },
  {
    "model": "auth.user",
    "pk": 2,
    "fields": {
      "password": "pbkdf2_sha256$150000$h2Ntf87aH25F$998jbWsZsNo3h5TuC3PVuHxo4fYzRs8ZBRWR8TfDhl8=",
      "last_login": null,
      "is_superuser": true,
      "username": "RecoveryTeam",
      "first_name": "",
      "last_name": "",
      "email": "",
      "is_staff": true,
      "is_active": true,
      "date_joined": "2020-06-23T10:01:32.414",
      "groups": [],
      "user_permissions": []
    }
  },
  {
    "model": "auth.user",
    "pk": 3,
    "fields": {
      "password": "pbkdf2_sha256$150000$k44SrxqUa7e3$MmJudXpxQlIGY3HW1AG3vabJdPDWy++k61LHu+o2ON0=",
      "last_login": null,
      "is_superuser": true,
      "username": "CreditVerification",
      "first_name": "",
      "last_name": "",
      "email": "",
      "is_staff": true,
      "is_active": true,
      "date_joined": "2020-06-23T10:04:33.704",
      "groups": [
        3
      ],
      "user_permissions": []
    }
  },
  {
    "model": "auth.user",
    "pk": 4,
    "fields": {
      "password": "pbkdf2_sha256$150000$pTdkimwrkPMz$CMfCl0hLgkUUG787peUgIhPHwHVDw+M/cRsnk8ataOg=",
      "last_login": null,
      "is_superuser": true,
      "username": "CustomerExecutive",
      "first_name": "",
      "last_name": "",
      "email": "",
      "is_staff": true,
      "is_active": true,
      "date_joined": "2020-06-23T10:05:47.984",
      "groups": [
        4
      ],
      "user_permissions": []
    }
  },
  {
    "model": "auth.user",
    "pk": 5,
    "fields": {
      "password": "pbkdf2_sha256$150000$PRi2ksYUElIe$WmcBslpUhXQQoYIBFafQmSArrW94JC4iwADIGKQYJQo=",
      "last_login": null,
      "is_superuser": true,
      "username": "BusinessAssociate",
      "first_name": "",
      "last_name": "",
      "email": "",
      "is_staff": true,
      "is_active": true,
      "date_joined": "2020-06-23T10:06:30.614",
      "groups": [
        8
      ],
      "user_permissions": []
    }
  },
  {
    "model": "auth.user",
    "pk": 6,
    "fields": {
      "password": "pbkdf2_sha256$150000$sPBFRoTByHuG$fY7SEazqs8ZQAbE8PyzaOkBZ0cGiGFO2b7YjPUl6MPo=",
      "last_login": null,
      "is_superuser": true,
      "username": "Partner",
      "first_name": "",
      "last_name": "",
      "email": "",
      "is_staff": true,
      "is_active": true,
      "date_joined": "2020-06-23T10:06:59.857",
      "groups": [
        9
      ],
      "user_permissions": []
    }
  },
  {
    "model": "auth.user",
    "pk": 7,
    "fields": {
      "password": "pbkdf2_sha256$150000$jA9nG3sjkVZZ$rTQkF2GxQMeyIcnbVcsI4V8UUST2x7YAzvCvjgMFBtE=",
      "last_login": null,
      "is_superuser": true,
      "username": "Accounts",
      "first_name": "",
      "last_name": "",
      "email": "",
      "is_staff": true,
      "is_active": true,
      "date_joined": "2020-06-23T10:07:29.566",
      "groups": [
        10
      ],
      "user_permissions": []
    }
  },
  {
    "model": "auth.user",
    "pk": 8,
    "fields": {
      "password": "pbkdf2_sha256$150000$fTBXq6jrYcXs$45NMqonQMb0E8Lcjg5eMFd5FsUw2zk+EPOqC3msf3Ho=",
      "last_login": null,
      "is_superuser": true,
      "username": "Seller",
      "first_name": "",
      "last_name": "",
      "email": "",
      "is_staff": true,
      "is_active": true,
      "date_joined": "2020-06-23T10:07:54.261",
      "groups": [
        11
      ],
      "user_permissions": []
    }
  },
  {
    "model": "auth.user",
    "pk": 9,
    "fields": {
      "password": "pbkdf2_sha256$150000$sScrVslWG48D$fI6Q3YE2eAIruWG++6YI3HFfqDdkyp0qlEs6XhiByQ4=",
      "last_login": null,
      "is_superuser": true,
      "username": "Logistics",
      "first_name": "",
      "last_name": "",
      "email": "",
      "is_staff": true,
      "is_active": true,
      "date_joined": "2020-06-23T10:08:29.174",
      "groups": [
        12
      ],
      "user_permissions": []
    }
  },
  {
    "model": "auth.user",
    "pk": 10,
    "fields": {
      "password": "pbkdf2_sha256$150000$Hhp4zWboi5Ho$N/K6c8ojMpd6Xi8WKPxMHAtnnEas63MzRN5yD1p6aQI=",
      "last_login": "2020-06-23T11:43:50.128",
      "is_superuser": true,
      "username": "EcomAdmin",
      "first_name": "",
      "last_name": "",
      "email": "",
      "is_staff": true,
      "is_active": true,
      "date_joined": "2020-06-23T10:09:02.218",
      "groups": [
        13
      ],
      "user_permissions": []
    }
  },
  {
    "model": "auth.user",
    "pk": 11,
    "fields": {
      "password": "",
      "last_login": null,
      "is_superuser": false,
      "username": "9688961516",
      "first_name": "",
      "last_name": "",
      "email": "",
      "is_staff": false,
      "is_active": true,
      "date_joined": "2019-04-04T13:40:25",
      "groups": [],
      "user_permissions": []
    }
  },
  {
    "model": "auth.user",
    "pk": 12,
    "fields": {
      "password": "",
      "last_login": null,
      "is_superuser": false,
      "username": "9738892991",
      "first_name": "",
      "last_name": "",
      "email": "",
      "is_staff": false,
      "is_active": true,
      "date_joined": "2019-04-04T13:40:45",
      "groups": [],
      "user_permissions": []
    }
  },
  {
    "model": "auth.user",
    "pk": 13,
    "fields": {
      "password": "",
      "last_login": null,
      "is_superuser": false,
      "username": "8306193444",
      "first_name": "",
      "last_name": "",
      "email": "",
      "is_staff": false,
      "is_active": true,
      "date_joined": "2019-04-04T13:41:20",
      "groups": [],
      "user_permissions": []
    }
  },
  {
    "model": "auth.user",
    "pk": 14,
    "fields": {
      "password": "",
      "last_login": null,
      "is_superuser": false,
      "username": "7054759493",
      "first_name": "",
      "last_name": "",
      "email": "",
      "is_staff": false,
      "is_active": true,
      "date_joined": "2019-04-04T13:41:46",
      "groups": [],
      "user_permissions": []
    }
  },
  {
    "model": "auth.user",
    "pk": 15,
    "fields": {
      "password": "",
      "last_login": null,
      "is_superuser": false,
      "username": "8302411484",
      "first_name": "",
      "last_name": "",
      "email": "",
      "is_staff": false,
      "is_active": true,
      "date_joined": "2019-04-04T13:41:56",
      "groups": [],
      "user_permissions": []
    }
  },
  {
    "model": "auth.user",
    "pk": 16,
    "fields": {
      "password": "",
      "last_login": null,
      "is_superuser": false,
      "username": "9136822334",
      "first_name": "",
      "last_name": "",
      "email": "",
      "is_staff": false,
      "is_active": true,
      "date_joined": "2019-04-04T13:42:36",
      "groups": [],
      "user_permissions": []
    }
  },
  {
    "model": "auth.user",
    "pk": 17,
    "fields": {
      "password": "",
      "last_login": null,
      "is_superuser": false,
      "username": "9399024350",
      "first_name": "",
      "last_name": "",
      "email": "",
      "is_staff": false,
      "is_active": true,
      "date_joined": "2019-04-04T13:42:38",
      "groups": [],
      "user_permissions": []
    }
  },
  {
    "model": "auth.user",
    "pk": 18,
    "fields": {
      "password": "",
      "last_login": null,
      "is_superuser": false,
      "username": "9386794867",
      "first_name": "",
      "last_name": "",
      "email": "",
      "is_staff": false,
      "is_active": true,
      "date_joined": "2019-04-04T13:42:56",
      "groups": [],
      "user_permissions": []
    }
  },
  {
    "model": "auth.user",
    "pk": 19,
    "fields": {
      "password": "",
      "last_login": null,
      "is_superuser": false,
      "username": "9966025321",
      "first_name": "",
      "last_name": "",
      "email": "",
      "is_staff": false,
      "is_active": true,
      "date_joined": "2019-04-04T13:44:18",
      "groups": [],
      "user_permissions": []
    }
  },
  {
    "model": "auth.user",
    "pk": 20,
    "fields": {
      "password": "",
      "last_login": null,
      "is_superuser": false,
      "username": "9839272244",
      "first_name": "",
      "last_name": "",
      "email": "",
      "is_staff": false,
      "is_active": true,
      "date_joined": "2019-04-04T13:45:10",
      "groups": [],
      "user_permissions": []
    }
  },
  {
    "model": "User.professional",
    "pk": 1,
    "fields": {
      "company_name": "Eilora Export",
      "company_email_id": "kvijith946@gmail.com",
      "company_address": "116:Palaiyakkadu:Anbozinager:tiruppur:641607",
      "company_landline_no": null,
      "company_designation": "Supervisor",
      "experience": "4",
      "join_date": "2015-05-11",
      "created_date": "2019-10-01T10:13:45",
      "updated_date": null,
      "user": 11
    }
  },
  {
    "model": "User.professional",
    "pk": 2,
    "fields": {
      "company_name": "",
      "company_email_id": "",
      "company_address": "",
      "company_landline_no": null,
      "company_designation": "",
      "experience": "",
      "join_date": "2019-10-18",
      "created_date": "2019-03-07T19:27:56",
      "updated_date": null,
      "user": 12
    }
  },
  {
    "model": "User.professional",
    "pk": 3,
    "fields": {
      "company_name": "",
      "company_email_id": "",
      "company_address": "",
      "company_landline_no": null,
      "company_designation": "",
      "experience": "",
      "join_date": "2019-10-18",
      "created_date": "2019-09-11T11:33:54",
      "updated_date": null,
      "user": 13
    }
  },
  {
    "model": "User.professional",
    "pk": 4,
    "fields": {
      "company_name": "BT Global Services PVT LTD",
      "company_email_id": "nikhil.bhutani@bt.com",
      "company_address": "Building 14 Tower C Dlf Cyber City , Gurgaon",
      "company_landline_no": null,
      "company_designation": "Associate",
      "experience": "2",
      "join_date": "2017-06-16",
      "created_date": "2019-03-08T11:40:20",
      "updated_date": null,
      "user": 14
    }
  },
  {
    "model": "User.professional",
    "pk": 5,
    "fields": {
      "company_name": "Sumedha Knowledge Center Pvt Ltd",
      "company_email_id": "hr@mysumedha.com",
      "company_address": "Rednam Regency Near Diamond Park Dwarakanagar",
      "company_landline_no": null,
      "company_designation": "HR",
      "experience": "1",
      "join_date": "2018-02-07",
      "created_date": "2019-03-18T15:44:18",
      "updated_date": null,
      "user": 15
    }
  },
  {
    "model": "User.professional",
    "pk": 6,
    "fields": {
      "company_name": "",
      "company_email_id": "",
      "company_address": "",
      "company_landline_no": null,
      "company_designation": "",
      "experience": "",
      "join_date": "2019-10-18",
      "created_date": "2019-03-07T19:59:01",
      "updated_date": null,
      "user": 16
    }
  },
  {
    "model": "User.professional",
    "pk": 7,
    "fields": {
      "company_name": "Quess Corp",
      "company_email_id": "naveenshukla15@gmail.com",
      "company_address": "Peeragarhi:Rohtak Road:Main Road:new delhi:110008",
      "company_landline_no": null,
      "company_designation": "ASM",
      "experience": "1",
      "join_date": "2018-06-07",
      "created_date": "2019-07-18T10:57:47",
      "updated_date": null,
      "user": 17
    }
  },
  {
    "model": "User.professional",
    "pk": 8,
    "fields": {
      "company_name": "Srl Diagnostics Prvt Limited",
      "company_email_id": "padhakemalad@gmail.com",
      "company_address": "Sai Krupa Hospital Aashish CHS Rani Sati Marg Malad East",
      "company_landline_no": null,
      "company_designation": "Pathology",
      "experience": "3",
      "join_date": "2016-06-06",
      "created_date": "2019-04-30T09:41:28",
      "updated_date": null,
      "user": 18
    }
  },
  {
    "model": "User.professional",
    "pk": 9,
    "fields": {
      "company_name": "Srl Diagnostics Prvt Limited",
      "company_email_id": "padhakemalad@gmail.com",
      "company_address": "Sai Krupa Hospital Aashish CHS Rani Sati Marg Malad East:Malad:Mumbai:400097",
      "company_landline_no": null,
      "company_designation": "Pathology",
      "experience": "3",
      "join_date": "2016-06-06",
      "created_date": "2019-06-05T20:54:16",
      "updated_date": null,
      "user": 19
    }
  },
  {
    "model": "User.professional",
    "pk": 10,
    "fields": {
      "company_name": "SRL DIAGNOSTIC PRVT LIMITED",
      "company_email_id": "padhakemalad@gmail.com",
      "company_address": "Sai Krupa Hospital Aashish CHS Rani Sati Marg Malad East:MALAD East:Passport Office:mumbai:400097",
      "company_landline_no": null,
      "company_designation": "PATHOLOGY",
      "experience": "3",
      "join_date": "2016-06-06",
      "created_date": "2019-09-05T11:05:48",
      "updated_date": null,
      "user": 20
    }
  },
  {
    "model": "User.reference",
    "pk": 1,
    "fields": {
      "colleague_name": "Amol Virkar",
      "colleague_mobile_no": "+919096922169",
      "colleague_email_id": "virkaramol562@gmail.com",
      "relationships": "Father",
      "relative_name": "Laxman Raut",
      "relative_mobile_no": "+917709802326",
      "relative_email_id": "kiranraut44@outlook.com",
      "created_date": "2019-11-19T20:45:35.323",
      "updated_date": "2019-11-19T20:45:35.323",
      "user": 11
    }
  },
  {
    "model": "User.reference",
    "pk": 2,
    "fields": {
      "colleague_name": "Ajij Khan",
      "colleague_mobile_no": "7414932733",
      "colleague_email_id": "ajijk4963@gmail.com",
      "relationships": "Brother",
      "relative_name": "Abu",
      "relative_mobile_no": "8408978513",
      "relative_email_id": "ajijk3013@gmail.com",
      "created_date": "2019-11-19T20:51:22.139",
      "updated_date": "2019-11-19T20:51:22.139",
      "user": 12
    }
  },
  {
    "model": "User.reference",
    "pk": 3,
    "fields": {
      "colleague_name": "Ajij Khan",
      "colleague_mobile_no": "7414932733",
      "colleague_email_id": "ajijk4963@gmail.com",
      "relationships": "Brother",
      "relative_name": "Abu",
      "relative_mobile_no": "8408978513",
      "relative_email_id": "ajijk3013@gmail.com",
      "created_date": "2019-11-19T20:54:18.571",
      "updated_date": "2019-11-19T20:54:18.571",
      "user": 13
    }
  },
  {
    "model": "User.reference",
    "pk": 4,
    "fields": {
      "colleague_name": "Bhupal Singh",
      "colleague_mobile_no": "+918368934758",
      "colleague_email_id": "bhupalghugtyal@gmail.com",
      "relationships": "Spouse",
      "relative_name": "Shona",
      "relative_mobile_no": "08159998435",
      "relative_email_id": "smaityankita2018@gmail.com",
      "created_date": "2019-11-19T20:57:31.855",
      "updated_date": "2019-11-19T20:57:31.855",
      "user": 14
    }
  },
  {
    "model": "User.reference",
    "pk": 5,
    "fields": {
      "colleague_name": "Ajij Khan",
      "colleague_mobile_no": "7414932733",
      "colleague_email_id": "ajijk4963@gmail.com",
      "relationships": "Brother",
      "relative_name": "Abu",
      "relative_mobile_no": "8408978513",
      "relative_email_id": "ajijk3013@gmail.com",
      "created_date": "2019-11-19T20:58:05.418",
      "updated_date": "2019-11-19T20:58:05.418",
      "user": 15
    }
  },
  {
    "model": "User.reference",
    "pk": 6,
    "fields": {
      "colleague_name": "Kalyni",
      "colleague_mobile_no": "07221917978",
      "colleague_email_id": "kalynibarman@gmail.com",
      "relationships": "Mother",
      "relative_name": "Safali",
      "relative_mobile_no": "7220808542",
      "relative_email_id": "shefalibarman84@gmail.com",
      "created_date": "2019-11-19T20:59:32.412",
      "updated_date": "2019-11-19T20:59:32.412",
      "user": 16
    }
  },
  {
    "model": "User.reference",
    "pk": 7,
    "fields": {
      "colleague_name": "Avi D",
      "colleague_mobile_no": "6371 413 003",
      "colleague_email_id": "Kalia @1234",
      "relationships": "Father",
      "relative_name": "Bapa H",
      "relative_mobile_no": "97 76 389046",
      "relative_email_id": "dk361991puja@gmail.com",
      "created_date": "2019-11-19T21:09:05.306",
      "updated_date": "2019-11-19T21:09:05.306",
      "user": 17
    }
  },
  {
    "model": "User.reference",
    "pk": 8,
    "fields": {
      "colleague_name": "Tamil Machi",
      "colleague_mobile_no": "+919944893679",
      "colleague_email_id": "Tamilarasan181@gmail.com",
      "relationships": "Brother",
      "relative_name": "Thambi",
      "relative_mobile_no": "+919952462713",
      "relative_email_id": "Praveenmech@gmail.com",
      "created_date": "2019-11-19T21:13:24.597",
      "updated_date": "2019-11-19T21:13:24.597",
      "user": 18
    }
  },
  {
    "model": "User.reference",
    "pk": 9,
    "fields": {
      "colleague_name": "Prakash",
      "colleague_mobile_no": "+919993771019",
      "colleague_email_id": "Dubeyprakash140@gmail.com",
      "relationships": "Brother",
      "relative_name": "Pankaj",
      "relative_mobile_no": "96 85 364316",
      "relative_email_id": "pankajcellcom@gmail.com",
      "created_date": "2019-11-19T21:15:51.685",
      "updated_date": "2019-11-19T21:15:51.685",
      "user": 19
    }
  },
  {
    "model": "User.reference",
    "pk": 10,
    "fields": {
      "colleague_name": "Shekar Kumar",
      "colleague_mobile_no": "83104 71112",
      "colleague_email_id": "shekarkumar1988@gmail.com",
      "relationships": "Spouse",
      "relative_name": "Latha",
      "relative_mobile_no": "81792 89038",
      "relative_email_id": "k.shekarcool@gmail.com",
      "created_date": "2019-11-19T21:16:00.069",
      "updated_date": "2019-11-19T21:16:00.069",
      "user": 20
    }
  },
  {
    "model": "User.bank",
    "pk": 1,
    "fields": {
      "bank_name": "State Bank of India",
      "account_number": "38721172265",
      "ifsc_code": "SBIN0000935",
      "created_date": "2019-10-01T10:13:45",
      "updated_date": null,
      "user": 11
    }
  },
  {
    "model": "User.bank",
    "pk": 2,
    "fields": {
      "bank_name": "State Bank of India",
      "account_number": "62171819557",
      "ifsc_code": "SBIN0020770",
      "created_date": "2019-03-07T19:27:56",
      "updated_date": null,
      "user": 12
    }
  },
  {
    "model": "User.bank",
    "pk": 3,
    "fields": {
      "bank_name": "Bank of Maharashtra",
      "account_number": "20041310017",
      "ifsc_code": "MAHB0000378",
      "created_date": "2019-09-11T11:33:54",
      "updated_date": null,
      "user": 13
    }
  },
  {
    "model": "User.bank",
    "pk": 4,
    "fields": {
      "bank_name": "ICICI Bank",
      "account_number": "661501545728",
      "ifsc_code": "ICIC0006615",
      "created_date": "2019-03-08T11:40:20",
      "updated_date": null,
      "user": 14
    }
  },
  {
    "model": "User.bank",
    "pk": 5,
    "fields": {
      "bank_name": "Kotak Mahindra Bank",
      "account_number": "8112507165",
      "ifsc_code": "KKBK0007707",
      "created_date": "2019-03-18T15:44:18",
      "updated_date": null,
      "user": 15
    }
  },
  {
    "model": "User.bank",
    "pk": 6,
    "fields": {
      "bank_name": "State Bank of India",
      "account_number": "20160814949",
      "ifsc_code": "SBIN0000743",
      "created_date": "2019-03-07T19:59:01",
      "updated_date": null,
      "user": 16
    }
  },
  {
    "model": "User.bank",
    "pk": 7,
    "fields": {
      "bank_name": "Kotak Mahindra Bank",
      "account_number": "4312462914",
      "ifsc_code": "KKBK0001415",
      "created_date": "2019-04-30T09:41:28",
      "updated_date": null,
      "user": 17
    }
  },
  {
    "model": "User.bank",
    "pk": 8,
    "fields": {
      "bank_name": "Federal Bank",
      "account_number": "99980106336493",
      "ifsc_code": "FDRL0001386",
      "created_date": "2019-04-23T09:29:29",
      "updated_date": null,
      "user": 18
    }
  },
  {
    "model": "User.bank",
    "pk": 9,
    "fields": {
      "bank_name": "Kotak Mahindra Bank",
      "account_number": "1914095946",
      "ifsc_code": "KKBK0004336",
      "created_date": "2019-10-06T12:06:24",
      "updated_date": null,
      "user": 19
    }
  },
  {
    "model": "User.bank",
    "pk": 10,
    "fields": {
      "bank_name": "State Bank of India",
      "account_number": "20043678169",
      "ifsc_code": "SBIN0003184",
      "created_date": "2019-03-09T16:20:11",
      "updated_date": null,
      "user": 20
    }
  },
  {
    "model": "User.address",
    "pk": 1,
    "fields": {
      "address": "Anbozinager Tampl",
      "city": null,
      "state": null,
      "pin_code": "641607",
      "type": "Current",
      "created_date": "2019-10-01T10:13:45",
      "user": 2,
      "updated_date": null
    }
  },
  {
    "model": "User.address",
    "pk": 140,
    "fields": {
      "address": "Lakshmi Sai Meadows  Beerumguda",
      "city": null,
      "state": null,
      "pin_code": "502032",
      "type": "Current",
      "created_date": "2019-04-28T17:32:44",
      "user": 13,
      "updated_date": null
    }
  },
  {
    "model": "User.address",
    "pk": 141,
    "fields": {
      "address": "Alaka Mitana Vander",
      "city": null,
      "state": null,
      "pin_code": "700094",
      "type": "Current",
      "created_date": "2019-03-25T19:27:43",
      "user": 14,
      "updated_date": null
    }
  },
  {
    "model": "User.address",
    "pk": 142,
    "fields": {
      "address": "Alaka Mitana Vander",
      "city": null,
      "state": null,
      "pin_code": "700016",
      "type": "Current",
      "created_date": "2019-07-13T08:28:36",
      "user": 15,
      "updated_date": null
    }
  },
  {
    "model": "User.address",
    "pk": 143,
    "fields": {
      "address": "Kasba New Market",
      "city": null,
      "state": null,
      "pin_code": "700039",
      "type": "Current",
      "created_date": "2019-09-04T16:21:41",
      "user": 6,
      "updated_date": null
    }
  },
  {
    "model": "User.address",
    "pk": 144,
    "fields": {
      "address": "Kasba New Market",
      "city": null,
      "state": null,
      "pin_code": "700107",
      "type": "Current",
      "created_date": "2019-09-21T01:00:41",
      "user": 14,
      "updated_date": null
    }
  },
  {
    "model": "ecom.product",
    "pk": 96,
    "fields": {
      "name": "Fast-track watch 001",
      "product_id": "8038621051",
      "category": 17,
      "sub_category": 8,
      "base_category": 2,
      "re_status": true,
      "seller": 8,
      "date": null,
      "description": null,
      "created_date": "2020-04-07T17:03:49.769",
      "updated_date": "2020-04-07T17:03:49.769"
    }
  },
  {
    "model": "ecom.product",
    "pk": 97,
    "fields": {
      "name": "Rado Watch",
      "product_id": "8797455432",
      "category": 17,
      "sub_category": 8,
      "base_category": null,
      "re_status": true,
      "seller": 8,
      "date": null,
      "description": null,
      "created_date": "2020-04-07T17:20:00.435",
      "updated_date": "2020-04-07T17:20:00.435"
    }
  },
  {
    "model": "ecom.product",
    "pk": 98,
    "fields": {
      "name": "Hp Laptop",
      "product_id": "2642782127",
      "category": 20,
      "sub_category": 9,
      "base_category": null,
      "re_status": true,
      "seller": 8,
      "date": null,
      "description": null,
      "created_date": "2020-05-09T18:05:17.211",
      "updated_date": "2020-05-09T18:05:17.211"
    }
  },
  {
    "model": "ecom.product",
    "pk": 99,
    "fields": {
      "name": "Titan watch",
      "product_id": "4280665641",
      "category": 17,
      "sub_category": 8,
      "base_category": null,
      "re_status": true,
      "seller": 8,
      "date": null,
      "description": null,
      "created_date": "2020-05-12T18:37:09.243",
      "updated_date": "2020-05-12T18:37:09.243"
    }
  },
  {
    "model": "ecom.product",
    "pk": 100,
    "fields": {
      "name": "Earrings",
      "product_id": "PROD20528932357362",
      "category": 18,
      "sub_category": 7,
      "base_category": null,
      "re_status": true,
      "seller": 8,
      "date": null,
      "description": null,
      "created_date": "2020-05-28T09:32:35.515",
      "updated_date": "2020-05-28T09:32:35.515"
    }
  },
  {
    "model": "ecom.product",
    "pk": 101,
    "fields": {
      "name": "Paragon sandal",
      "product_id": "PROD20618153415582",
      "category": null,
      "sub_category": null,
      "base_category": 2,
      "re_status": true,
      "seller": 8,
      "date": null,
      "description": null,
      "created_date": "2020-06-18T15:03:41.287",
      "updated_date": "2020-06-18T15:33:07.044"
    }
  },
  {
    "model": "ecom.product",
    "pk": 102,
    "fields": {
      "name": "Slipper 20",
      "product_id": "PROD20619120264875",
      "category": null,
      "sub_category": null,
      "base_category": 4,
      "re_status": true,
      "seller": 8,
      "date": null,
      "description": null,
      "created_date": "2020-06-19T12:00:26.024",
      "updated_date": "2020-06-19T12:00:26.024"
    }
  },
  {
    "model": "ecom.product",
    "pk": 103,
    "fields": {
      "name": "Titan watch 1",
      "product_id": "PROD206191212264380",
      "category": null,
      "sub_category": null,
      "base_category": 3,
      "re_status": true,
      "seller": 8,
      "date": null,
      "description": null,
      "created_date": "2020-06-19T12:12:26.808",
      "updated_date": "2020-06-19T12:12:26.808"
    }
  },
  {
    "model": "ecom.product",
    "pk": 104,
    "fields": {
      "name": "Slipper 201",
      "product_id": "PROD206191213504290",
      "category": null,
      "sub_category": null,
      "base_category": 4,
      "re_status": true,
      "seller": 8,
      "date": null,
      "description": null,
      "created_date": "2020-06-19T12:13:50.997",
      "updated_date": "2020-06-19T12:13:50.997"
    }
  },
  {
    "model": "ecom.product",
    "pk": 105,
    "fields": {
      "name": "Slipper 2012",
      "product_id": "PROD206191216241494",
      "category": null,
      "sub_category": null,
      "base_category": 4,
      "re_status": true,
      "seller": 8,
      "date": null,
      "description": null,
      "created_date": "2020-06-19T12:16:24.785",
      "updated_date": "2020-06-19T12:16:24.785"
    }
  },
  {
    "model": "ecom.product",
    "pk": 106,
    "fields": {
      "name": "Slipper 20122",
      "product_id": "PROD2061912182857",
      "category": null,
      "sub_category": null,
      "base_category": 4,
      "re_status": true,
      "seller": 8,
      "date": null,
      "description": null,
      "created_date": "2020-06-19T12:18:02.224",
      "updated_date": "2020-06-19T12:18:02.224"
    }
  },
  {
    "model": "ecom.product",
    "pk": 107,
    "fields": {
      "name": "Slipper 201225",
      "product_id": "PROD20619122654311",
      "category": null,
      "sub_category": null,
      "base_category": 4,
      "re_status": true,
      "seller": 8,
      "date": null,
      "description": null,
      "created_date": "2020-06-19T12:26:54.263",
      "updated_date": "2020-06-19T12:26:54.263"
    }
  },
  {
    "model": "ecom.product",
    "pk": 108,
    "fields": {
      "name": "Slipper 2012258",
      "product_id": "PROD20619123640142",
      "category": null,
      "sub_category": null,
      "base_category": 4,
      "re_status": true,
      "seller": 8,
      "date": null,
      "description": null,
      "created_date": "2020-06-19T12:36:40.871",
      "updated_date": "2020-06-19T12:36:40.872"
    }
  },
  {
    "model": "ecom.product",
    "pk": 109,
    "fields": {
      "name": "Slipper 20122587",
      "product_id": "PROD206191238242589",
      "category": null,
      "sub_category": null,
      "base_category": 4,
      "re_status": true,
      "seller": 8,
      "date": null,
      "description": null,
      "created_date": "2020-06-19T12:38:24.991",
      "updated_date": "2020-06-19T12:38:24.991"
    }
  },
  {
    "model": "ecom.product",
    "pk": 110,
    "fields": {
      "name": "Slipper 201225877",
      "product_id": "PROD2061912399497",
      "category": null,
      "sub_category": null,
      "base_category": 4,
      "re_status": true,
      "seller": 8,
      "date": null,
      "description": null,
      "created_date": "2020-06-19T12:39:09.426",
      "updated_date": "2020-06-19T12:39:09.426"
    }
  },
  {
    "model": "ecom.product",
    "pk": 111,
    "fields": {
      "name": "Slipper 2012258777",
      "product_id": "PROD206191239567038",
      "category": null,
      "sub_category": null,
      "base_category": 4,
      "re_status": true,
      "seller": 8,
      "date": null,
      "description": null,
      "created_date": "2020-06-19T12:39:56.242",
      "updated_date": "2020-06-19T12:39:56.242"
    }
  },
  {
    "model": "ecom.product",
    "pk": 112,
    "fields": {
      "name": "Slipper 20122587777",
      "product_id": "PROD20619124643592",
      "category": null,
      "sub_category": null,
      "base_category": 4,
      "re_status": true,
      "seller": 8,
      "date": null,
      "description": null,
      "created_date": "2020-06-19T12:46:04.217",
      "updated_date": "2020-06-19T12:46:04.217"
    }
  },
  {
    "model": "ecom.productdetails",
    "pk": 44,
    "fields": {
      "product_id": 96,
      "seller_amount": 800.0,
      "amount": 1200.0,
      "size_id": 7,
      "colour_id": 7,
      "description": null,
      "height": "12",
      "Length": null,
      "width": "25",
      "weight": 15.0,
      "sgst": 5,
      "cgst": 3,
      "date": null,
      "re_status": true,
      "reason": "Aproved",
      "status": "APPROVED",
      "user": 8,
      "created_date": "2020-04-08T13:50:08.394",
      "updated_date": "2020-04-08T13:50:08.394"
    }
  },
  {
    "model": "ecom.productdetails",
    "pk": 45,
    "fields": {
      "product_id": 96,
      "seller_amount": 800.0,
      "amount": 1000.0,
      "size_id": 8,
      "colour_id": 7,
      "description": null,
      "height": "12",
      "Length": "14",
      "width": "25",
      "weight": 15.0,
      "sgst": 5,
      "cgst": 3,
      "date": null,
      "re_status": true,
      "reason": "Valid reason",
      "status": "APPROVED",
      "user": 8,
      "created_date": "2020-04-08T13:50:08.467",
      "updated_date": "2020-05-09T18:45:04.721"
    }
  },
  {
    "model": "ecom.productdetails",
    "pk": 46,
    "fields": {
      "product_id": 96,
      "seller_amount": 1500.0,
      "amount": 1700.0,
      "size_id": 9,
      "colour_id": 9,
      "description": null,
      "height": "17",
      "Length": "21",
      "width": "23",
      "weight": 19.0,
      "sgst": 5,
      "cgst": 3,
      "date": null,
      "re_status": true,
      "reason": "",
      "status": "APPROVED",
      "user": 8,
      "created_date": "2020-04-08T16:14:13.955",
      "updated_date": "2020-04-18T14:53:17.702"
    }
  },
  {
    "model": "ecom.productdetails",
    "pk": 47,
    "fields": {
      "product_id": 96,
      "seller_amount": 1100.0,
      "amount": 1500.0,
      "size_id": 9,
      "colour_id": 8,
      "description": null,
      "height": "",
      "Length": "",
      "width": "",
      "weight": 12.0,
      "sgst": 6,
      "cgst": 3,
      "date": null,
      "re_status": true,
      "reason": "Valid reason",
      "status": "APPROVED",
      "user": 8,
      "created_date": "2020-04-08T16:34:24.258",
      "updated_date": "2020-05-09T16:57:54.358"
    }
  },
  {
    "model": "ecom.productdetails",
    "pk": 48,
    "fields": {
      "product_id": 96,
      "seller_amount": 1800.0,
      "amount": 1000.0,
      "size_id": 7,
      "colour_id": 7,
      "description": null,
      "height": "12",
      "Length": "16",
      "width": "18",
      "weight": 14.0,
      "sgst": 5,
      "cgst": 3,
      "date": null,
      "re_status": true,
      "reason": "",
      "status": "APPROVED",
      "user": 8,
      "created_date": "2020-04-08T17:02:32.626",
      "updated_date": "2020-04-08T17:02:32.626"
    }
  },
  {
    "model": "ecom.productdetails",
    "pk": 49,
    "fields": {
      "product_id": 96,
      "seller_amount": 0.0,
      "amount": 500.0,
      "size_id": 9,
      "colour_id": 7,
      "description": null,
      "height": "12",
      "Length": "16",
      "width": "17",
      "weight": 14.0,
      "sgst": 5,
      "cgst": 4,
      "date": null,
      "re_status": true,
      "reason": null,
      "status": "SUBMITTED",
      "user": 8,
      "created_date": "2020-05-08T12:29:49.435",
      "updated_date": "2020-05-08T12:29:49.435"
    }
  },
  {
    "model": "ecom.productdetails",
    "pk": 50,
    "fields": {
      "product_id": 96,
      "seller_amount": 54000.0,
      "amount": 55000.0,
      "size_id": 8,
      "colour_id": 7,
      "description": null,
      "height": "13",
      "Length": "15",
      "width": "17",
      "weight": 14.0,
      "sgst": 5,
      "cgst": 3,
      "date": null,
      "re_status": true,
      "reason": "Valid reason",
      "status": "APPROVED",
      "user": 8,
      "created_date": "2020-05-09T18:10:14.619",
      "updated_date": "2020-05-09T18:12:38.565"
    }
  },
  {
    "model": "ecom.productdetails",
    "pk": 51,
    "fields": {
      "product_id": 96,
      "seller_amount": 55000.0,
      "amount": 56000.0,
      "size_id": 9,
      "colour_id": 8,
      "description": null,
      "height": "15",
      "Length": "17",
      "width": "18",
      "weight": 16.0,
      "sgst": 5,
      "cgst": 3,
      "date": null,
      "re_status": true,
      "reason": "Valid reason",
      "status": "APPROVED",
      "user": 8,
      "created_date": "2020-05-09T18:14:13.038",
      "updated_date": "2020-05-09T18:15:52.973"
    }
  },
  {
    "model": "ecom.productdetails",
    "pk": 52,
    "fields": {
      "product_id": 96,
      "seller_amount": 30000.0,
      "amount": 35000.0,
      "size_id": 10,
      "colour_id": 8,
      "description": null,
      "height": "13",
      "Length": "15",
      "width": "16",
      "weight": 14.0,
      "sgst": 5,
      "cgst": 3,
      "date": null,
      "re_status": true,
      "reason": "None",
      "status": "APPROVED",
      "user": 8,
      "created_date": "2020-05-11T12:01:56.462",
      "updated_date": "2020-05-18T18:57:36.804"
    }
  },
  {
    "model": "ecom.productdetails",
    "pk": 53,
    "fields": {
      "product_id": 96,
      "seller_amount": 700.0,
      "amount": 900.0,
      "size_id": 7,
      "colour_id": 8,
      "description": null,
      "height": "16",
      "Length": "18",
      "width": "19",
      "weight": 17.0,
      "sgst": 5,
      "cgst": 3,
      "date": null,
      "re_status": true,
      "reason": "Valid",
      "status": "APPROVED",
      "user": 8,
      "created_date": "2020-05-12T11:25:58.633",
      "updated_date": "2020-05-12T11:32:38.278"
    }
  },
  {
    "model": "ecom.productdetails",
    "pk": 54,
    "fields": {
      "product_id": 96,
      "seller_amount": 1000.0,
      "amount": 1700.0,
      "size_id": 10,
      "colour_id": 9,
      "description": null,
      "height": "45",
      "Length": "76",
      "width": "87",
      "weight": 56.0,
      "sgst": 5,
      "cgst": 3,
      "date": null,
      "re_status": true,
      "reason": "Valid product",
      "status": "APPROVED",
      "user": 8,
      "created_date": "2020-05-12T11:29:32.313",
      "updated_date": "2020-05-12T12:16:12.692"
    }
  },
  {
    "model": "ecom.productdetails",
    "pk": 55,
    "fields": {
      "product_id": 96,
      "seller_amount": 650.0,
      "amount": 675.0,
      "size_id": 7,
      "colour_id": 7,
      "description": null,
      "height": "12",
      "Length": "14",
      "width": "15",
      "weight": 13.0,
      "sgst": 5,
      "cgst": 3,
      "date": null,
      "re_status": true,
      "reason": "Valid",
      "status": "APPROVED",
      "user": 8,
      "created_date": "2020-05-12T18:38:53.445",
      "updated_date": "2020-05-12T18:39:11.746"
    }
  },
  {
    "model": "ecom.productdetails",
    "pk": 56,
    "fields": {
      "product_id": 96,
      "seller_amount": 650.0,
      "amount": 675.0,
      "size_id": 7,
      "colour_id": 9,
      "description": null,
      "height": "14",
      "Length": "16",
      "width": "",
      "weight": 15.0,
      "sgst": 5,
      "cgst": 3,
      "date": null,
      "re_status": true,
      "reason": "Valid",
      "status": "APPROVED",
      "user": 8,
      "created_date": "2020-05-12T18:41:26.086",
      "updated_date": "2020-05-12T18:42:53.463"
    }
  },
  {
    "model": "ecom.productdetails",
    "pk": 57,
    "fields": {
      "product_id": 96,
      "seller_amount": 1200.0,
      "amount": 1300.0,
      "size_id": 9,
      "colour_id": 7,
      "description": null,
      "height": "10",
      "Length": "12",
      "width": "13",
      "weight": 11.0,
      "sgst": 5,
      "cgst": 3,
      "date": null,
      "re_status": true,
      "reason": "Valid",
      "status": "APPROVED",
      "user": 8,
      "created_date": "2020-05-13T14:29:09.294",
      "updated_date": "2020-05-13T14:29:56.930"
    }
  },
  {
    "model": "ecom.productdetails",
    "pk": 58,
    "fields": {
      "product_id": 96,
      "seller_amount": 1000.0,
      "amount": 1300.0,
      "size_id": 7,
      "colour_id": 8,
      "description": null,
      "height": "",
      "Length": "",
      "width": "",
      "weight": 12.0,
      "sgst": 5,
      "cgst": 3,
      "date": null,
      "re_status": true,
      "reason": "None",
      "status": "APPROVED",
      "user": 8,
      "created_date": "2020-05-18T13:48:07.847",
      "updated_date": "2020-05-18T13:53:13.036"
    }
  },
  {
    "model": "ecom.productdetails",
    "pk": 59,
    "fields": {
      "product_id": 96,
      "seller_amount": 5.5,
      "amount": 7.0,
      "size_id": 10,
      "colour_id": 9,
      "description": null,
      "height": "",
      "Length": "",
      "width": "",
      "weight": 16.0,
      "sgst": 5,
      "cgst": 3,
      "date": null,
      "re_status": true,
      "reason": "None",
      "status": "APPROVED",
      "user": 8,
      "created_date": "2020-05-18T13:49:19.408",
      "updated_date": "2020-05-18T13:49:43.287"
    }
  },
  {
    "model": "ecom.productdetails",
    "pk": 60,
    "fields": {
      "product_id": 96,
      "seller_amount": 34.0,
      "amount": 44.0,
      "size_id": 8,
      "colour_id": 8,
      "description": null,
      "height": "",
      "Length": "",
      "width": "",
      "weight": 34.0,
      "sgst": 5,
      "cgst": 3,
      "date": null,
      "re_status": true,
      "reason": null,
      "status": "SUBMITTED",
      "user": 8,
      "created_date": "2020-05-18T13:54:46.912",
      "updated_date": "2020-05-18T13:54:46.912"
    }
  },
  {
    "model": "ecom.productdetails",
    "pk": 61,
    "fields": {
      "product_id": 96,
      "seller_amount": 350.0,
      "amount": 455.0,
      "size_id": 9,
      "colour_id": 7,
      "description": null,
      "height": "12",
      "Length": "16",
      "width": "18",
      "weight": 14.0,
      "sgst": 5,
      "cgst": 3,
      "date": null,
      "re_status": true,
      "reason": "None",
      "status": "APPROVED",
      "user": 8,
      "created_date": "2020-05-28T09:33:23.460",
      "updated_date": "2020-05-28T09:33:37.181"
    }
  },
  {
    "model": "ecom.productdetails",
    "pk": 62,
    "fields": {
      "product_id": 96,
      "seller_amount": 150.0,
      "amount": 195.0,
      "size_id": 9,
      "colour_id": 7,
      "description": null,
      "height": "12",
      "Length": "16",
      "width": "18",
      "weight": 14.0,
      "sgst": 5,
      "cgst": 3,
      "date": null,
      "re_status": true,
      "reason": "None",
      "status": "APPROVED",
      "user": 8,
      "created_date": "2020-06-18T15:05:06.959",
      "updated_date": "2020-06-18T15:05:34.608"
    }
  },
  {
    "model": "ecom.productdetails",
    "pk": 63,
    "fields": {
      "product_id": 96,
      "seller_amount": 250.0,
      "amount": 325.0,
      "size_id": 9,
      "colour_id": 7,
      "description": null,
      "height": "12",
      "Length": "",
      "width": "15",
      "weight": 14.0,
      "sgst": 5,
      "cgst": 3,
      "date": null,
      "re_status": true,
      "reason": null,
      "status": "SUBMITTED",
      "user": 8,
      "created_date": "2020-06-19T12:57:30.169",
      "updated_date": "2020-06-19T12:57:30.169"
    }
  },
  {
    "model": "ecom.productdetails",
    "pk": 64,
    "fields": {
      "product_id": 96,
      "seller_amount": 500.0,
      "amount": 650.0,
      "size_id": 7,
      "colour_id": 7,
      "description": null,
      "height": "12",
      "Length": "16",
      "width": "18",
      "weight": 14.0,
      "sgst": 5,
      "cgst": 3,
      "date": null,
      "re_status": true,
      "reason": null,
      "status": "SUBMITTED",
      "user": 8,
      "created_date": "2020-06-19T13:01:21.638",
      "updated_date": "2020-06-19T13:01:21.638"
    }
  },
  {
    "model": "ecom.productdetails",
    "pk": 65,
    "fields": {
      "product_id": 96,
      "seller_amount": 540.0,
      "amount": 702.0,
      "size_id": 10,
      "colour_id": 7,
      "description": null,
      "height": "",
      "Length": "",
      "width": "",
      "weight": 154.0,
      "sgst": 5,
      "cgst": 3,
      "date": null,
      "re_status": true,
      "reason": null,
      "status": "SUBMITTED",
      "user": 8,
      "created_date": "2020-06-19T13:51:14.389",
      "updated_date": "2020-06-19T13:51:14.389"
    }
  },
  {
    "model": "ecom.credit",
    "pk": 1,
    "fields": {
      "credit": 1000.0,
      "used_credit": 700.0,
      "balance_credit": 300.0,
      "actual_used": 0.0,
      "repayment_add": 0.0,
      "user": 1,
      "status": null,
      "created_date": "2020-03-14T09:44:28.723",
      "updated_date": "2020-03-14T09:44:28.723"
    }
  },
  {
    "model": "ecom.credit",
    "pk": 2,
    "fields": {
      "credit": 500.0,
      "used_credit": 0.0,
      "balance_credit": 500.0,
      "actual_used": 0.0,
      "repayment_add": 0.0,
      "user": 1,
      "status": null,
      "created_date": "2020-03-16T16:06:03.534",
      "updated_date": "2020-03-16T16:06:03.535"
    }
  },
  {
    "model": "ecom.credit",
    "pk": 3,
    "fields": {
      "credit": 1000.0,
      "used_credit": 0.0,
      "balance_credit": 1000.0,
      "actual_used": 0.0,
      "repayment_add": 0.0,
      "user": 1,
      "status": null,
      "created_date": "2020-03-16T16:06:43.224",
      "updated_date": "2020-03-16T16:06:43.224"
    }
  },
  {
    "model": "ecom.credit",
    "pk": 4,
    "fields": {
      "credit": 2000.0,
      "used_credit": 0.0,
      "balance_credit": 2000.0,
      "actual_used": 0.0,
      "repayment_add": 0.0,
      "user": 1,
      "status": null,
      "created_date": "2020-03-16T16:28:54.380",
      "updated_date": "2020-03-16T16:28:54.380"
    }
  },
  {
    "model": "ecom.credit",
    "pk": 5,
    "fields": {
      "credit": 1500.0,
      "used_credit": 0.0,
      "balance_credit": 1500.0,
      "actual_used": 0.0,
      "repayment_add": 0.0,
      "user": 1,
      "status": null,
      "created_date": "2020-03-19T09:11:48.855",
      "updated_date": "2020-03-19T09:11:48.855"
    }
  },
  {
    "model": "ecom.credit",
    "pk": 6,
    "fields": {
      "credit": 10000.0,
      "used_credit": 0.0,
      "balance_credit": 0.0,
      "actual_used": 0.0,
      "repayment_add": 0.0,
      "user": 11,
      "status": null,
      "created_date": "2020-03-27T12:40:22.338",
      "updated_date": "2020-03-27T12:40:22.338"
    }
  },
  {
    "model": "ecom.credit",
    "pk": 7,
    "fields": {
      "credit": 10000.0,
      "used_credit": 3400.0,
      "balance_credit": 6600.0,
      "actual_used": 0.0,
      "repayment_add": 0.0,
      "user": 11,
      "status": null,
      "created_date": "2020-03-27T12:41:21.905",
      "updated_date": "2020-04-14T09:59:06.732"
    }
  },
  {
    "model": "ecom.credit",
    "pk": 8,
    "fields": {
      "credit": 500.0,
      "used_credit": 0.0,
      "balance_credit": 0.0,
      "actual_used": 0.0,
      "repayment_add": 0.0,
      "user": 11,
      "status": null,
      "created_date": "2020-05-14T16:25:58.831",
      "updated_date": "2020-05-14T16:25:58.831"
    }
  },
  {
    "model": "ecom.credit",
    "pk": 9,
    "fields": {
      "credit": 500.0,
      "used_credit": 0.0,
      "balance_credit": 0.0,
      "actual_used": 0.0,
      "repayment_add": 0.0,
      "user": 11,
      "status": null,
      "created_date": "2020-05-14T16:36:41.586",
      "updated_date": "2020-05-14T16:36:41.586"
    }
  },
  {
    "model": "ecom.credit",
    "pk": 10,
    "fields": {
      "credit": 500.0,
      "used_credit": 0.0,
      "balance_credit": 0.0,
      "actual_used": 0.0,
      "repayment_add": 0.0,
      "user": 11,
      "status": null,
      "created_date": "2020-05-14T16:45:29.908",
      "updated_date": "2020-05-14T16:45:29.908"
    }
  },
  {
    "model": "ecom.orderdetails",
    "pk": 1,
    "fields": {
      "order_text": "123456789",
      "credit": 1,
      "pay_amount": 0.0,
      "total_quantity": 5,
      "total_amount": 350.0,
      "date": "2020-03-14T09:44:28.723",
      "re_status": false,
      "status": "placed",
      "credit_status": null,
      "user": 11,
      "address": 1,
      "created_date": "2020-03-14T09:44:28.723",
      "updated_date": "2020-03-14T09:44:28.723",
      "payment": [],
      "order_id": []
    }
  },
  {
    "model": "ecom.orderdetails",
    "pk": 2,
    "fields": {
      "order_text": "49720",
      "credit": 7,
      "pay_amount": 0.0,
      "total_quantity": 3,
      "total_amount": 6000.0,
      "date": "2020-03-28T11:23:23.584",
      "re_status": false,
      "status": "placed",
      "credit_status": null,
      "user": 11,
      "address": 140,
      "created_date": "2020-03-28T11:23:23.640",
      "updated_date": "2020-03-28T11:23:23.640",
      "payment": [],
      "order_id": []
    }
  },
  {
    "model": "ecom.orderdetails",
    "pk": 3,
    "fields": {
      "order_text": "1137",
      "credit": 7,
      "pay_amount": 0.0,
      "total_quantity": 3,
      "total_amount": 6000.0,
      "date": "2020-03-28T11:50:20.104",
      "re_status": false,
      "status": "true",
      "credit_status": null,
      "user": 11,
      "address": 140,
      "created_date": "2020-03-28T11:50:20.155",
      "updated_date": "2020-03-28T11:50:20.155",
      "payment": [],
      "order_id": [
        101,
        102
      ]
    }
  },
  {
    "model": "ecom.orderdetails",
    "pk": 4,
    "fields": {
      "order_text": "44146",
      "credit": 7,
      "pay_amount": 5500.0,
      "total_quantity": 3,
      "total_amount": 6000.0,
      "date": "2020-03-28T11:54:27.011",
      "re_status": false,
      "status": "true",
      "credit_status": null,
      "user": 11,
      "address": 140,
      "created_date": "2020-03-28T11:54:27.082",
      "updated_date": "2020-03-28T11:54:27.082",
      "payment": [],
      "order_id": []
    }
  },
  {
    "model": "ecom.orderdetails",
    "pk": 5,
    "fields": {
      "order_text": "34590",
      "credit": 7,
      "pay_amount": 5500.0,
      "total_quantity": 3,
      "total_amount": 6000.0,
      "date": "2020-03-28T12:58:13.158",
      "re_status": false,
      "status": "true",
      "credit_status": null,
      "user": 11,
      "address": 140,
      "created_date": "2020-03-28T12:58:13.215",
      "updated_date": "2020-03-28T12:58:13.215",
      "payment": [],
      "order_id": []
    }
  },
  {
    "model": "ecom.orderdetails",
    "pk": 6,
    "fields": {
      "order_text": "86715",
      "credit": 7,
      "pay_amount": 5500.0,
      "total_quantity": 3,
      "total_amount": 6000.0,
      "date": "2020-03-28T12:59:56.913",
      "re_status": false,
      "status": "true",
      "credit_status": null,
      "user": 11,
      "address": 140,
      "created_date": "2020-03-28T12:59:56.970",
      "updated_date": "2020-03-28T12:59:56.970",
      "payment": [],
      "order_id": []
    }
  },
  {
    "model": "ecom.orderdetails",
    "pk": 7,
    "fields": {
      "order_text": "52483",
      "credit": 7,
      "pay_amount": 0.0,
      "total_quantity": 3,
      "total_amount": 6000.0,
      "date": "2020-03-28T13:00:29.832",
      "re_status": false,
      "status": "true",
      "credit_status": null,
      "user": 11,
      "address": 140,
      "created_date": "2020-03-28T13:00:29.870",
      "updated_date": "2020-03-28T13:00:29.870",
      "payment": [],
      "order_id": []
    }
  },
  {
    "model": "ecom.orderdetails",
    "pk": 8,
    "fields": {
      "order_text": "3071",
      "credit": 7,
      "pay_amount": 0.0,
      "total_quantity": 3,
      "total_amount": 6000.0,
      "date": "2020-03-28T15:36:34.817",
      "re_status": false,
      "status": "true",
      "credit_status": null,
      "user": 11,
      "address": 140,
      "created_date": "2020-03-28T15:36:34.876",
      "updated_date": "2020-03-28T15:36:34.876",
      "payment": [],
      "order_id": []
    }
  },
  {
    "model": "ecom.orderdetails",
    "pk": 9,
    "fields": {
      "order_text": "92498",
      "credit": 7,
      "pay_amount": 0.0,
      "total_quantity": 3,
      "total_amount": 6000.0,
      "date": "2020-03-28T17:21:44.715",
      "re_status": false,
      "status": "true",
      "credit_status": null,
      "user": 11,
      "address": 140,
      "created_date": "2020-03-28T17:21:44.771",
      "updated_date": "2020-03-28T17:21:44.771",
      "payment": [],
      "order_id": []
    }
  },
  {
    "model": "ecom.orderdetails",
    "pk": 10,
    "fields": {
      "order_text": "4392",
      "credit": 7,
      "pay_amount": 0.0,
      "total_quantity": 3,
      "total_amount": 6000.0,
      "date": "2020-03-28T17:30:10.402",
      "re_status": false,
      "status": "true",
      "credit_status": null,
      "user": 11,
      "address": 140,
      "created_date": "2020-03-28T17:30:10.459",
      "updated_date": "2020-03-28T17:30:10.459",
      "payment": [],
      "order_id": []
    }
  },
  {
    "model": "ecom.seller",
    "pk": 18,
    "fields": {
      "name": "Big Bazars",
      "main_address": "Kalewadi, Pune",
      "address": "Kalewadi chowk",
      "mobile_no": "9865236472",
      "email_id": null,
      "landline_no": "022-234567",
      "type": "Seller",
      "description": "",
      "gst_no": "GST-123456",
      "pan_no": "PAN1234BSP",
      "shop_act_licence": "SHOP-ACT-123",
      "pan_image": "",
      "licence_image": "",
      "shop_image": "",
      "user": 8,
      "created_date": "2020-05-11T16:29:40.121",
      "updated_date": "2020-05-11T16:30:00.110"
    }
  },
  {
    "model": "ecom.ecomdocuments",
    "pk": 11,
    "fields": {
      "type": "Pan",
      "path": "ecom_doc/pancard_seller.jpeg",
      "verify_date": "2020-05-11",
      "verify_by": 8,
      "is_verified": false,
      "created_date": "2020-05-11T16:29:41.647",
      "updated_date": "2020-05-11T16:29:41.647",
      "user": 8
    }
  },
  {
    "model": "ecom.ecomdocuments",
    "pk": 12,
    "fields": {
      "type": "Shop_act_licence",
      "path": "ecom_doc/seller-licence.jpeg",
      "verify_date": "2020-05-11",
      "verify_by": 8,
      "is_verified": false,
      "created_date": "2020-05-11T16:29:42.161",
      "updated_date": "2020-05-11T16:29:42.161",
      "user": 8
    }
  },
  {
    "model": "ecom.ecomdocuments",
    "pk": 13,
    "fields": {
      "type": "Shop_Image",
      "path": "ecom_doc/seller-shop-image.jpeg",
      "verify_date": "2020-05-11",
      "verify_by": 8,
      "is_verified": false,
      "created_date": "2020-05-11T16:29:42.539",
      "updated_date": "2020-05-11T16:29:42.539",
      "user": 8
    }
  },
  {
    "model": "ecom.returnorder",
    "pk": 3,
    "fields": {
      "return_id": "RT204231123339534",
      "order": 55,
      "order_in_exchange": null,
      "order_details": 1,
      "return_reason": "product is damaged",
      "verify_return_status": "Exchange_Confirm",
      "admin_verified_date": "2020-04-28T09:47:30.851",
      "verified_by": 1,
      "pickup_date": null,
      "logistic_status": null,
      "logistic_reason": null,
      "logistic_verify_by": null,
      "product_verify_date": "2020-04-28T10:06:24.819",
      "seller_verify_by": 1,
      "seller_status": "Exchange_Confirm",
      "seller_reason": "product is safe",
      "payment_status": null,
      "type": "exchange",
      "created_date": "2020-04-23T11:23:33.949",
      "updated_date": "2020-04-28T10:06:24.819",
      "customer_return_image": [],
      "seller_return_image": [
        32
      ]
    }
  },
  {
    "model": "ecom.returnorder",
    "pk": 4,
    "fields": {
      "return_id": "RT20423112333646",
      "order": 56,
      "order_in_exchange": null,
      "order_details": 1,
      "return_reason": "product is damaged",
      "verify_return_status": "Return_Rejected",
      "admin_verified_date": "2020-04-23T17:14:00.226",
      "verified_by": 8,
      "pickup_date": null,
      "logistic_status": null,
      "logistic_reason": null,
      "logistic_verify_by": null,
      "product_verify_date": "2020-04-23T18:36:06.993",
      "seller_verify_by": 8,
      "seller_status": "Return_Confirm",
      "seller_reason": "qwerty",
      "payment_status": null,
      "type": "return",
      "created_date": "2020-04-23T11:23:33.964",
      "updated_date": "2020-04-23T18:36:06.993",
      "customer_return_image": [],
      "seller_return_image": [
        31
      ]
    }
  },
  {
    "model": "ecom.returnorder",
    "pk": 5,
    "fields": {
      "return_id": "RT20423112333646",
      "order": 56,
      "order_in_exchange": null,
      "order_details": 1,
      "return_reason": "product is damaged",
      "verify_return_status": "Return_Rejected",
      "admin_verified_date": "2020-04-23T17:14:00.226",
      "verified_by": 8,
      "pickup_date": null,
      "logistic_status": null,
      "logistic_reason": null,
      "logistic_verify_by": null,
      "product_verify_date": "2020-04-23T18:36:06.993",
      "seller_verify_by": 8,
      "seller_status": "Return_Confirm",
      "seller_reason": "qwerty",
      "payment_status": null,
      "type": "return",
      "created_date": "2020-04-23T11:23:33.964",
      "updated_date": "2020-04-23T18:36:06.993",
      "customer_return_image": [],
      "seller_return_image": []
    }
  },
  {
    "model": "ecom.sellerwarehouse",
    "pk": 1,
    "fields": {
      "seller": 8,
      "company_name": null,
      "primary_address": null,
      "secondary_address": null,
      "mobile_no": null,
      "pin_code": null,
      "city_id": null,
      "state_id": null,
      "country_id": null,
      "warehouse_id": "1068",
      "approval_status": "approved",
      "created_date": "2020-05-24T15:09:56.039",
      "updated_date": "2020-05-24T15:09:56.039"
    }
  },
  {
    "model": "ecom.sellerwarehouse",
    "pk": 2,
    "fields": {
      "seller": 8,
      "company_name": null,
      "primary_address": null,
      "secondary_address": null,
      "mobile_no": null,
      "pin_code": null,
      "city_id": null,
      "state_id": null,
      "country_id": null,
      "warehouse_id": "1069",
      "approval_status": "pending",
      "created_date": "2020-05-24T15:12:55.559",
      "updated_date": "2020-05-24T15:12:55.559"
    }
  },
  {
    "model": "ecom.sellerwarehouse",
    "pk": 3,
    "fields": {
      "seller": 8,
      "company_name": "Selles_2 Mobile shopee",
      "primary_address": "Tuljabhawani nagar",
      "secondary_address": "Kharadi",
      "mobile_no": "9876543210",
      "pin_code": "411014",
      "city_id": "2688",
      "state_id": "22",
      "country_id": "101",
      "warehouse_id": "1080",
      "approval_status": "pending",
      "created_date": "2020-05-27T09:21:27.861",
      "updated_date": "2020-05-27T09:21:27.861"
    }
  }
]